Timesheet_ID,Work_Date,Project_ID,Consultant_ID,Task_Category,Hours_Worked,Billable_Flag,Approved_Flag
TMS-000001,2024-10-01,PRJ-0001,CON-077,Delivery,65.7,Billable,Yes
TMS-000002,2024-11-01,PRJ-0001,CON-038,Delivery,189.1,Billable,Yes
TMS-000003,2024-08-01,PRJ-0001,CON-051,Client Workshop,133.6,Billable,Yes
TMS-000004,2024-10-01,PRJ-0001,CON-077,Analysis,17.7,Billable,Yes
TMS-000005,2024-07-01,PRJ-0001,CON-051,Analysis,82.4,Billable,Yes
TMS-000006,2024-11-01,PRJ-0001,CON-038,QA Review,25.6,Billable,Yes
TMS-000007,2024-09-01,PRJ-0001,CON-038,Admin,15.7,Non-Billable,Yes
TMS-000008,2024-07-01,PRJ-0002,CON-048,Analysis,66.9,Billable,Yes
TMS-000009,2024-05-01,PRJ-0002,CON-023,Delivery,107.8,Billable,Yes
TMS-000010,2024-05-01,PRJ-0002,CON-048,Delivery,36.3,Billable,Yes
TMS-000011,2024-06-01,PRJ-0002,CON-048,QA Review,137.1,Billable,Yes
TMS-000012,2024-06-01,PRJ-0002,CON-051,Delivery,155.2,Billable,Yes
TMS-000013,2024-05-01,PRJ-0002,CON-051,Delivery,91.4,Billable,Yes
TMS-000014,2024-05-01,PRJ-0002,CON-051,Delivery,184.9,Billable,Yes
TMS-000015,2024-07-01,PRJ-0002,CON-048,Client Workshop,86.2,Billable,Yes
TMS-000016,2024-06-01,PRJ-0002,CON-051,QA Review,10.5,Billable,Yes
TMS-000017,2024-05-01,PRJ-0002,CON-048,Admin,21.2,Non-Billable,Yes
TMS-000018,2024-06-01,PRJ-0002,CON-023,Analysis,2,Billable,Yes
TMS-000019,2024-06-01,PRJ-0002,CON-023,Analysis,2,Billable,Yes
TMS-000020,2024-07-01,PRJ-0002,CON-023,Admin,2,Non-Billable,Yes
TMS-000021,2025-06-01,PRJ-0003,CON-028,Delivery,28.5,Billable,Yes
TMS-000022,2025-06-01,PRJ-0003,CON-028,Delivery,128.4,Billable,Yes
TMS-000023,2025-06-01,PRJ-0003,CON-056,Delivery,25.8,Billable,Yes
TMS-000024,2025-06-01,PRJ-0003,CON-056,Delivery,130.2,Billable,Yes
TMS-000025,2025-06-01,PRJ-0003,CON-028,Delivery,111.9,Billable,Yes
TMS-000026,2025-06-01,PRJ-0003,CON-056,Delivery,165.5,Billable,Yes
TMS-000027,2025-06-01,PRJ-0003,CON-028,Analysis,26.1,Billable,Yes
TMS-000028,2025-06-01,PRJ-0003,CON-056,Admin,22.9,Non-Billable,Yes
TMS-000029,2025-06-01,PRJ-0003,CON-056,Analysis,19.4,Billable,Yes
TMS-000030,2025-06-01,PRJ-0003,CON-056,Client Workshop,2,Billable,Yes
TMS-000031,2023-12-01,PRJ-0004,CON-057,Client Workshop,59.8,Billable,Yes
TMS-000032,2024-05-01,PRJ-0004 ,CON-053,Delivery,60.6,Billable,Yes
TMS-000033,2024-03-01,PRJ-0004,CON-057,Delivery,79.1,Billable,Yes
TMS-000034,2024-03-01,PRJ-0004,CON-057,Delivery,186,Billable,Yes
TMS-000035,2023-12-01,PRJ-0004,CON-053,Delivery,41.4,Billable,Yes
TMS-000036,2023-12-01,PRJ-0004,CON-057,Sales Support,59,Non-Billable,Yes
TMS-000037,2024-01-01,PRJ-0004,CON-053,Client Workshop,113.3,Billable,Yes
TMS-000038,2023-12-01,PRJ-0004,CON-057,Client Workshop,70.3,Billable,Yes
TMS-000039,2024-04-01,PRJ-0004,CON-057,Delivery,20.7,Billable,No
TMS-000040,2023-12-01,PRJ-0004,CON-057,Delivery,173.5,Billable,Yes
TMS-000041,2023-12-01,PRJ-0004,CON-057,QA Review,148,Billable,Yes
TMS-000042,2023-11-01,PRJ-0004,CON-057,Delivery,156.6,Billable,Yes
TMS-000043,2024-01-01,PRJ-0004,CON-053,Analysis,69.6,Billable,Yes
TMS-000044,2024-05-01,PRJ-0004,CON-057,Analysis,134.4,Billable,Yes
TMS-000045,2023-11-01,PRJ-0004,CON-053,Delivery,73.2,Billable,Yes
TMS-000046,2024-03-01,PRJ-0004,CON-053,Delivery,53.4,Billable,Yes
TMS-000047,2025-11-01,PRJ-0005,CON-039,Analysis,65.4,Billable,Yes
TMS-000048,2025-08-01,PRJ-0005,CON-039,Delivery,49.4,Billable,Yes
TMS-000049,2025-09-01,PRJ-0005,CON-039,Internal Training,151,Non-Billable,Yes
TMS-000050,2025-11-01,PRJ-0005,CON-022,QA Review,25.3,Billable,Yes
TMS-000051,2025-10-01,PRJ-0005,CON-022,Delivery,15.9,Billable,Yes
TMS-000052,2024-12-01,PRJ-0006,CON-053,Delivery,32.2,Billable,Yes
TMS-000053,2024-12-01,PRJ-0006,CON-053,Client Workshop,114.6,,Yes
TMS-000054,2024-12-01,PRJ-0006,CON-057,Delivery,19.2,Billable,Yes
TMS-000055,2024-12-01,PRJ-0006,CON-057,Internal Training,91.3,Non-Billable,Yes
TMS-000056,2024-12-01,PRJ-0006,CON-057,Delivery,18.9,Billable,Yes
TMS-000057,2024-12-01,PRJ-0006,CON-057,Analysis,111.6,Billable,Yes
TMS-000058,2024-12-01,PRJ-0006,CON-053,QA Review,90.7,Billable,Yes
TMS-000059,2024-12-01,PRJ-0006,CON-053,Analysis,54.5,Billable,Yes
TMS-000060,2024-12-01,PRJ-0006,CON-057,Analysis,136.1,Billable,Yes
TMS-000061,2024-12-01,PRJ-0006, CON-053,Delivery,145.3,Billable,Yes
TMS-000062,2024-12-01,PRJ-0006,CON-053,Delivery,97,Billable,No
TMS-000063,2024-12-01,PRJ-0006,CON-053,Delivery,108.4,Billable,Yes
TMS-000064,2025-02-01,PRJ-0007,CON-055,QA Review,122.1,Billable,Yes
TMS-000065,2025-01-01,PRJ-0007,CON-067,Analysis,191,Billable,Yes
TMS-000066,2025-05-01,PRJ-0007,CON-059,Delivery,107.3,Billable,Yes
TMS-000067,2025-03-01,PRJ-0007,CON-067,Analysis,14.9,Billable,Yes
TMS-000068,2025-05-01,PRJ-0007,CON-055,Delivery,150.5,Billable,Yes
TMS-000069,2025-04-01,PRJ-0007,CON-055,Delivery,172.9,Billable,Yes
TMS-000070,2025-07-01,PRJ-0007,CON-059,Internal Training,139.8,Non-Billable,No
TMS-000071,2025-06-01,PRJ-0007,CON-034,Client Workshop,67.4,Billable,Yes
TMS-000072,2025-05-01,PRJ-0007,CON-034,Delivery,170.2,Billable,Yes
TMS-000073,2025-06-01,PRJ-0007,CON-067,Analysis,137.6,Billable,Yes
TMS-000074,2025-03-01,PRJ-0007,CON-055,Analysis,128.1,Billable,Yes
TMS-000075,2025-02-01,PRJ-0007,CON-059,Sales Support,79.6,Non-Billable,Yes
TMS-000076,2025-06-01,PRJ-0008,CON-073,Delivery,36.8,Billable,Yes
TMS-000077,2025-07-01,PRJ-0008,CON-073,Analysis,114.3,Billable,Yes
TMS-000078,2025-05-01,PRJ-0008,CON-073,Delivery,52.6,Billable,Yes
TMS-000079,2025-05-01,PRJ-0008,CON-073,Analysis,118.5,Billable,Yes
TMS-000080,2025-06-01,PRJ-0008,CON-073,Delivery,59.2,Billable,Yes
TMS-000081,2025-05-01,PRJ-0008,CON-073,QA Review,29.5,Billable,Yes
TMS-000082,2025-07-01,PRJ-0008,CON-046,QA Review,35.5,Billable,Yes
TMS-000083,2025-07-01,PRJ-0008,CON-069,Delivery,107.8,Billable,Yes
TMS-000084,2025-06-01,PRJ-0008,CON-069,Delivery,57,Billable,Yes
TMS-000085,2025-05-01,PRJ-0008,CON-069,Delivery,122.3,Billable,Yes
TMS-000086,2025-05-01,PRJ-0008,CON-069,Sales Support,91.5,Non-Billable,Yes
TMS-000087,2025-05-01,PRJ-0008,CON-046,QA Review,18.6,Billable,Yes
TMS-000088,2025-06-01,PRJ-0008,CON-073,Sales Support,61.5,Non-Billable,Yes
TMS-000089,2025-05-01,PRJ-0008,CON-069,Delivery,13.9,Billable,Yes
TMS-000090,2025-05-01,PRJ-0008,CON-046,Delivery,143.7,Billable,Yes
TMS-000091,2025-06-01,PRJ-0008,CON-046,Delivery,168.9,Billable,Yes
TMS-000092,2025-05-01,PRJ-0008,CON-069,Delivery,182.8,Billable,Yes
TMS-000093,2025-05-01,PRJ-0008,CON-069,Delivery,38.7,Billable,Yes
TMS-000094,2025-05-01,PRJ-0008,CON-069,QA Review,170.3,Billable,Yes
TMS-000095,2025-05-01,PRJ-0008,CON-046,Delivery,101,,Yes
TMS-000096,2025-05-01,PRJ-0008,CON-073,Delivery,37.2,Billable,Yes
TMS-000097,2025-06-01,PRJ-0008,CON-073,Delivery,112.9,Billable,Yes
TMS-000098,2025-05-01,PRJ-0008,CON-046,Delivery,95.4,Billable,Yes
TMS-000099,2025-06-01,PRJ-0009,CON-056,QA Review,161,Billable,Yes
TMS-000100,2025-01-01,PRJ-0009,CON-056,Delivery,191.1,Billable,Yes
TMS-000101,2025-06-01,PRJ-0009,CON-065,Analysis,41.6,Billable,Yes
TMS-000102,2025-04-01,PRJ-0009,CON-056,Analysis,79.7,Billable,Yes
TMS-000103,2025-05-01,PRJ-0009,CON-065,Delivery,161.9,Billable,Yes
TMS-000104,2025-05-01,PRJ-0009,CON-065,Delivery,154.9,Billable,Yes
TMS-000105,2025-05-01,PRJ-0009,CON-056,Sales Support,145.4,Non-Billable,Yes
TMS-000106,2025-02-01,PRJ-0009,CON-056,Analysis,119.6,Billable,Yes
TMS-000107,2025-01-01,PRJ-0009,CON-056,Delivery,189.3,Billable,Yes
TMS-000108,2025-04-01,PRJ-0009,CON-065,QA Review,170.5,Billable,Yes
TMS-000109,2025-05-01,PRJ-0009,CON-056,Delivery,158.6,Billable,Yes
TMS-000110,2025-06-01,PRJ-0009,CON-065,Analysis,33.5,Billable,Yes
TMS-000111,2025-03-01,PRJ-0009,CON-065,Analysis,64.8,Billable,Yes
TMS-000112,2025-05-01,PRJ-0009,CON-065,Delivery,179.7,Billable,Yes
TMS-000113,2025-04-01,PRJ-0009,CON-065,Client Workshop,23.2,Billable,Yes
TMS-000114,2025-04-01,PRJ-0009,CON-065,Analysis,84.1,Billable,Yes
TMS-000115,2025-02-01,PRJ-0009,CON-065,Analysis,132.6,Billable,Yes
TMS-000116,2025-04-01,PRJ-0009,CON-065,Delivery,101.4,Billable,Yes
TMS-000117,2025-04-01,PRJ-0009,CON-065,Delivery,142.6,Billable,Yes
TMS-000118,2025-01-01,PRJ-0009,CON-065,QA Review,96.6,Billable,Yes
TMS-000119,2025-05-01,PRJ-0009,CON-065,Analysis,25.2,Billable,Yes
TMS-000120,2025-06-01,PRJ-0009,CON-065,Delivery,27.6,Billable,Yes
TMS-000121,2025-03-01,PRJ-0009,CON-065,QA Review,121.6,,Yes
TMS-000122,2025-02-01,PRJ-0009,CON-065,QA Review,31,Billable,No
TMS-000123,2023-12-01,PRJ-0010,CON-035,Sales Support,29.9,Non-Billable,Yes
TMS-000124,2023-11-01,PRJ-0010,CON-038,Analysis,102.2,Billable,Yes
TMS-000125,2023-11-01,PRJ-0010,CON-005,Delivery,90.1,Billable,Yes
TMS-000126,2023-11-01,PRJ-0010,CON-005,Client Workshop,170.5,Billable,Yes
TMS-000127,2023-11-01,PRJ-0010,CON-038,Delivery,90,Billable,Yes
TMS-000128,2023-12-01,PRJ-0010,CON-035,Delivery,196.7,Billable,Yes
TMS-000129,2023-11-01,PRJ-0010,CON-005,Delivery,46.2,Billable,Yes
TMS-000130,2023-12-01,prj-0010,CON-035,Sales Support,90.3,Non-Billable,Yes
TMS-000131,2023-12-01,PRJ-0010,con-005,QA Review,78.6,Billable,Yes
TMS-000132,2023-11-01,PRJ-0010,CON-005,Delivery,58.4,Billable,Yes
TMS-000133,2023-11-01,PRJ-0010,CON-035,Delivery,60.3,Billable,Yes
TMS-000134,2023-12-01,PRJ-0010,CON-005,Delivery,50.7,Billable,Yes
TMS-000135,2023-11-01,PRJ-0010,CON-038,QA Review,39.6,Billable,Yes
TMS-000136,2023-12-01,PRJ-0010,CON-005,Client Workshop,21.1,Billable,Yes
TMS-000137,2025-03-01,PRJ-0011,CON-062,Sales Support,38.4,Non-Billable,Yes
TMS-000138,2025-03-01,PRJ-0011,CON-022,Admin,126.6,Non-Billable,Yes
TMS-000139,2024-12-01,PRJ-0011,CON-036,Sales Support,129.6,Non-Billable,Yes
TMS-000140,2025-02-01,PRJ-0011,CON-036,Delivery,142.6,Billable,Yes
TMS-000141,2025-04-01,PRJ-0011,CON-022,Internal Training,51.7,Non-Billable,Yes
TMS-000142,2025-01-01,PRJ-0011,CON-022,Analysis,20.1,Billable,Yes
TMS-000143,2025-03-01,PRJ-0011,CON-022,Internal Training,36.1,Non-Billable,Yes
TMS-000144,2025-01-01,PRJ-0011,CON-022,Delivery,136.5,Billable,Yes
TMS-000145,2025-04-01,prj-0011 ,CON-022,Client Workshop,90.3,Billable,Yes
TMS-000146,2024-12-01,PRJ-0011,CON-022,Delivery,95.8,Billable,Yes
TMS-000147,2025-02-01,PRJ-0011,CON-062,Analysis,66,Billable,Yes
TMS-000148,2025-03-01,PRJ-0011,CON-062,Client Workshop,176.5,,Yes
TMS-000149,2025-04-01,PRJ-0011,CON-062,Delivery,68.8,Billable,Yes
TMS-000150,2025-02-01,PRJ-0011,CON-062,Delivery,191.6,Billable,Yes
TMS-000151,2025-04-01,PRJ-0011,CON-062,Delivery,134.2,Billable,Yes
TMS-000152,2025-01-01,PRJ-0011,CON-022,Analysis,61.9,Billable,Yes
TMS-000153,2025-03-01,PRJ-0011,CON-022,QA Review,73,Billable,Yes
TMS-000154,2025-02-01, PRJ-0011 ,CON-062,Analysis,2,Billable,Yes
TMS-000155,2025-02-01,PRJ-0011,CON-022,Delivery,2,Billable,Yes
TMS-000156,2025-04-01,PRJ-0012,CON-065,Delivery,108.2,Billable,Yes
TMS-000157,2025-04-01,PRJ-0012,CON-018,Analysis,22.3,Billable,Yes
TMS-000158,2025-04-01,PRJ-0012,CON-065,Delivery,12.3,Billable,Yes
TMS-000159,2025-04-01,PRJ-0013,CON-003,Client Workshop,159.5,Billable,Yes
TMS-000160,2025-06-01,PRJ-0013,CON-007,Delivery,98.1,Billable,Yes
TMS-000161,2025-05-01,PRJ-0013,CON-007,Client Workshop,10.2,Billable,Yes
TMS-000162,2025-05-01,PRJ-0013,CON-007,Delivery,34.6,Billable,Yes
TMS-000163,2024-11-01,PRJ-0014,CON-063,Internal Training,54,Non-Billable,Yes
TMS-000164,2024-11-01,PRJ-0014,CON-030,Sales Support,17.4,Non-Billable,Yes
TMS-000165,2025-01-01,PRJ-0014,CON-030,Delivery,40.1,Billable,Yes
TMS-000166,2025-01-01,PRJ-0014,CON-063,Delivery,40.2,Billable,Yes
TMS-000167,2024-11-01,PRJ-0014,CON-059,Sales Support,192.5,Non-Billable,Yes
TMS-000168,2024-11-01,PRJ-0014,CON-063,QA Review,155.2,Billable,Yes
TMS-000169,2025-01-01,PRJ-0014,CON-059,Delivery,90.7,Billable,Yes
TMS-000170,2024-11-01,PRJ-0015,CON-031,Sales Support,182.7,Non-Billable,Yes
TMS-000171,2025-01-01,PRJ-0015,CON-007,Delivery,115,Billable,Yes
TMS-000172,2024-12-01,PRJ-0015,CON-048,Delivery,27.6,Billable,Yes
TMS-000173,2025-01-01,PRJ-0015,CON-048,Delivery,99.4,,Yes
TMS-000174,2024-11-01,prj-0015 ,CON-007,Delivery,153.5,Billable,Yes
TMS-000175,2024-11-01,PRJ-0015,CON-007,Analysis,94.9,Billable,Yes
TMS-000176,2024-11-01,PRJ-0015,CON-048,Delivery,128.2,Billable,Yes
TMS-000177,2024-12-01,PRJ-0015,CON-048,Sales Support,130.9,Non-Billable,No
TMS-000178,2025-01-01,PRJ-0015,CON-007,Delivery,186.2,Billable,Yes
TMS-000179,2025-01-01,PRJ-0015,CON-048,Delivery,11.7,Billable,Yes
TMS-000180,2025-01-01,PRJ-0015,CON-031,Internal Training,19.9,Non-Billable,Yes
TMS-000181,2025-01-01,PRJ-0015,CON-007,Delivery,19.7,,Yes
TMS-000182,2025-01-01,PRJ-0015,CON-007,Delivery,102.3,Billable,Yes
TMS-000183,2024-12-01,PRJ-0015,CON-031,Delivery,16.7,Billable,Yes
TMS-000184,2024-12-01,PRJ-0016,CON-039,Analysis,42.9,Billable,Yes
TMS-000185,2024-12-01,prj-0016 ,CON-015,Delivery,55.1,Billable,Yes
TMS-000186,2024-12-01,PRJ-0016,CON-039,Delivery,109.9,Billable,Yes
TMS-000187,2024-11-01,PRJ-0016,CON-015,Client Workshop,143.6,Billable,Yes
TMS-000188,2025-02-01,PRJ-0016,CON-015,Sales Support,168.3,Non-Billable,Yes
TMS-000189,2025-04-01,PRJ-0016,CON-015,Delivery,50.3,Billable,Yes
TMS-000190,2024-12-01,PRJ-0016,CON-039,Analysis,130.5,Billable,Yes
TMS-000191,2025-02-01,PRJ-0016,CON-015,Delivery,58.6,Billable,Yes
TMS-000192,2024-12-01,PRJ-0016,CON-015,Client Workshop,70,Billable,Yes
TMS-000193,2025-01-01,PRJ-0016,CON-039 ,Analysis,69,Billable,Yes
TMS-000194,2024-09-01,PRJ-0017,CON-069,Client Workshop,71,Billable,No
TMS-000195,2024-09-01,PRJ-0017,CON-046,QA Review,53.1,Billable,Yes
TMS-000196,2024-09-01,PRJ-0017,CON-046,Delivery,166.8,,Yes
TMS-000197,2024-09-01,PRJ-0017,CON-069,Analysis,37.6,Billable,Yes
TMS-000198,2024-09-01,PRJ-0017,CON-069,Analysis,123.5,Billable,Yes
TMS-000199,2024-08-01,PRJ-0017,CON-046,Client Workshop,99.7,Billable,Yes
TMS-000200,2024-08-01,PRJ-0017,CON-046,Delivery,26.6,Billable,Yes
TMS-000201,2024-08-01,PRJ-0017,con-046 ,Analysis,36,Billable,Yes
TMS-000202,2024-09-01,PRJ-0017,CON-069,Delivery,11.9,Billable,Yes
TMS-000203,2024-09-01,PRJ-0017,CON-046,Analysis,140.6,Billable,Yes
TMS-000204,2024-09-01,PRJ-0017,CON-046,Delivery,13.4,Billable,Yes
TMS-000205,2024-09-01,PRJ-0017,CON-046,Analysis,28.9,Billable,Yes
TMS-000206,2024-09-01,PRJ-0017,CON-046,Client Workshop,35.7,Billable,Yes
TMS-000207,2024-09-01,PRJ-0017,CON-069,Client Workshop,6.3,Billable,Yes
TMS-000208,2025-04-01,PRJ-0018,CON-056,Analysis,80.6,Billable,Yes
TMS-000209,2025-07-01,PRJ-0018,CON-058,Client Workshop,104.1,Billable,Yes
TMS-000210,2025-06-01,PRJ-0018,CON-058,Delivery,92.1,Billable,Yes
TMS-000211,2025-02-01,PRJ-0018,CON-056,Delivery,88.2,Billable,Yes
TMS-000212,2025-03-01,PRJ-0018,CON-013,Client Workshop,124.2,Billable,Yes
TMS-000213,2025-07-01,PRJ-0018,CON-056,Delivery,133,Billable,Yes
TMS-000214,2025-01-01,PRJ-0018,CON-058,Delivery,50.5,Billable,Yes
TMS-000215,2025-02-01,PRJ-0018,CON-058,Client Workshop,105.6,Billable,Yes
TMS-000216,2025-05-01,PRJ-0018,CON-058,Analysis,150.3,Billable,No
TMS-000217,2025-07-01,PRJ-0018,CON-056,Client Workshop,198.8,Billable,Yes
TMS-000218,2025-06-01,PRJ-0018,CON-058,Delivery,43,Billable,Yes
TMS-000219,2025-05-01,PRJ-0018,CON-058,Delivery,72,Billable,Yes
TMS-000220,2025-07-01,PRJ-0018,CON-056,Delivery,161.4,Billable,Yes
TMS-000221,2025-01-01,PRJ-0018,CON-058,Delivery,102.3,Billable,Yes
TMS-000222,2025-02-01,PRJ-0018,CON-013,Client Workshop,18.6,Billable,Yes
TMS-000223,2025-01-01,PRJ-0018,CON-056,QA Review,17.9,Billable,Yes
TMS-000224,2025-08-01,PRJ-0018,CON-013,Analysis,50.7,Billable,Yes
TMS-000225,2025-02-01,PRJ-0018,CON-013,Analysis,43,Billable,Yes
TMS-000226,2025-02-01,PRJ-0018,CON-056,Delivery,155.1,Billable,Yes
TMS-000227,2025-07-01,PRJ-0018,con-013 ,Delivery,186.4,Billable,Yes
TMS-000228,2025-04-01,PRJ-0018,CON-056,Admin,127.8,Non-Billable,Yes
TMS-000229,2023-02-01,PRJ-0019,CON-057,Client Workshop,79.7,Billable,Yes
TMS-000230,2023-01-01,PRJ-0019,CON-018,Delivery,169.2,Billable,Yes
TMS-000231,2023-02-01,PRJ-0019,CON-018,Analysis,119.7,Billable,Yes
TMS-000232,2023-02-01,PRJ-0019, CON-057 ,Client Workshop,21.1,Billable,Yes
TMS-000233,2023-02-01,PRJ-0019,CON-057,Delivery,91.2,Billable,Yes
TMS-000234,2023-02-01,PRJ-0019,CON-018,QA Review,189.7,Billable,Yes
TMS-000235,2023-06-01,PRJ-0020,CON-004,Delivery,177.1,Billable,Yes
TMS-000236,2023-07-01,PRJ-0020,CON-004,Client Workshop,27.9,Billable,Yes
TMS-000237,2023-06-01,PRJ-0020,CON-004,Client Workshop,160.8,Billable,Yes
TMS-000238,2023-06-01,PRJ-0020,CON-004,Client Workshop,195.5,Billable,Yes
TMS-000239,2023-06-01, PRJ-0020,CON-054,Delivery,153.4,Billable,No
TMS-000240,2023-07-01, PRJ-0020,CON-033,Delivery,153,Billable,Yes
TMS-000241,2023-06-01,PRJ-0020,CON-033,Admin,20.7,Non-Billable,Yes
TMS-000242,2023-06-01,PRJ-0020,CON-004,Analysis,141.1,Billable,Yes
TMS-000243,2023-06-01,PRJ-0020,CON-004,Client Workshop,67.2,Billable,Yes
TMS-000244,2023-07-01,PRJ-0020,CON-033,Analysis,75.8,Billable,Yes
TMS-000245,2023-05-01,PRJ-0020,CON-004,Delivery,94.6,,Yes
TMS-000246,2023-06-01,PRJ-0020,CON-004,Delivery,19.3,Billable,No
TMS-000247,2023-06-01,PRJ-0020,CON-004,Delivery,61.5,Billable,Yes
TMS-000248,2023-07-01,PRJ-0020,CON-004,Delivery,14.1,Billable,Yes
TMS-000249,2023-06-01,PRJ-0020,CON-054,QA Review,25.9,Billable,Yes
TMS-000250,2023-10-01,PRJ-0021,CON-056,Analysis,87.8,,Yes
TMS-000251,2023-10-01,PRJ-0021,CON-056,Delivery,48,Billable,Yes
TMS-000252,2023-10-01,PRJ-0021,CON-056,Delivery,90.7,Billable,Yes
TMS-000253,2023-10-01,PRJ-0021,CON-056,QA Review,87.4,Billable,Yes
TMS-000254,2023-11-01,PRJ-0021,CON-058,Delivery,22.6,Billable,Yes
TMS-000255,2023-11-01,PRJ-0021,CON-056,Analysis,158.6,Billable,Yes
TMS-000256,2023-11-01,PRJ-0021,CON-058,Client Workshop,121.6,Billable,Yes
TMS-000257,2023-10-01,PRJ-0021,CON-058,Delivery,114.2,Billable,Yes
TMS-000258,2023-11-01,PRJ-0021,CON-058,Delivery,57.7,Billable,Yes
TMS-000259,2023-11-01,PRJ-0021,CON-056,Admin,12.5,Non-Billable,Yes
TMS-000260,2023-11-01,PRJ-0021,CON-058,Delivery,125.6,Billable,Yes
TMS-000261,2023-11-01,PRJ-0021,CON-058,Internal Training,196.5,Non-Billable,Yes
TMS-000262,2023-10-01,PRJ-0021,CON-056,Delivery,112.6,Billable,Yes
TMS-000263,2023-10-01,PRJ-0021,CON-058,Analysis,185.2,Billable,Yes
TMS-000264,2023-10-01,PRJ-0021,CON-056,Sales Support,178.1,Non-Billable,Yes
TMS-000265,2023-10-01,PRJ-0021,CON-056,Client Workshop,127.2,Billable,Yes
TMS-000266,2023-11-01,PRJ-0021,CON-056,Admin,115.8,Non-Billable,Yes
TMS-000267,2023-11-01,PRJ-0021,CON-058,Client Workshop,140.2,Billable,Yes
TMS-000268,2023-10-01,PRJ-0021,CON-058,Analysis,36.6,Billable,Yes
TMS-000269,2023-10-01,PRJ-0021,CON-058,QA Review,56.7,Billable,Yes
TMS-000270,2023-10-01,PRJ-0021,CON-056,Analysis,177.9,Billable,Yes
TMS-000271,2023-10-01,PRJ-0021,CON-056,Admin,29.1,Non-Billable,Yes
TMS-000272,2023-10-01,PRJ-0021,CON-058,Delivery,66.8,Billable,Yes
TMS-000273,2023-11-01,PRJ-0021,con-058,Analysis,172.2,Billable,Yes
TMS-000274,2023-11-01,PRJ-0021,CON-056,Delivery,30.1,Billable,Yes
TMS-000275,2023-11-01,PRJ-0021,CON-058,Analysis,23,Billable,Yes
TMS-000276,2023-11-01,PRJ-0021,CON-056,Analysis,6,Billable,Yes
TMS-000277,2023-11-01,PRJ-0021,CON-058,Analysis,2,Billable,Yes
TMS-000278,2023-11-01,PRJ-0021,CON-056,Client Workshop,2,Billable,Yes
TMS-000279,2023-11-01,PRJ-0021,CON-058,Delivery,2,Billable,Yes
TMS-000280,2023-03-01,PRJ-0022,CON-013,Delivery,140.2,Billable,Yes
TMS-000281,2023-04-01,PRJ-0022,CON-057,Delivery,13.4,Billable,Yes
TMS-000282,2023-04-01,PRJ-0022,CON-057,QA Review,188.9,Billable,Yes
TMS-000283,2023-02-01,PRJ-0022,CON-057,Analysis,57.8,Billable,Yes
TMS-000284,2023-08-01,PRJ-0022,CON-013,Analysis,10.5,Billable,Yes
TMS-000285,2023-04-01,PRJ-0022,CON-057,Delivery,54.7,Billable,Yes
TMS-000286,2025-10-01,PRJ-0023,CON-016,Analysis,170.5,Billable,Yes
TMS-000287,2025-12-01,PRJ-0023,CON-032,Analysis,10.5,Billable,Yes
TMS-000288,2025-11-01,PRJ-0023,CON-032,Delivery,2,,Yes
TMS-000289,2025-12-01,PRJ-0023,CON-016,Delivery,2,Billable,Yes
TMS-000290,2025-07-01,PRJ-0023,CON-032,Delivery,2,Billable,Yes
TMS-000291,2024-03-01,PRJ-0024,CON-074,Delivery,85.6,Billable,Yes
TMS-000292,2024-04-01,PRJ-0024,CON-074,Delivery,43.7,Billable,Yes
TMS-000293,2024-04-01,PRJ-0024,CON-078,Client Workshop,17.9,Billable,Yes
TMS-000294,2024-04-01,PRJ-0024,CON-078,Admin,122,,Yes
TMS-000295,2024-04-01,PRJ-0024,CON-078,Admin,50.7,Non-Billable,Yes
TMS-000296,2024-05-01,PRJ-0024,CON-071,Analysis,173.9,Billable,Yes
TMS-000297,2024-03-01,PRJ-0024,CON-071,Delivery,81.3,Billable,Yes
TMS-000298,2024-03-01,PRJ-0024,CON-071,Client Workshop,30.4,Billable,Yes
TMS-000299,2024-04-01,PRJ-0024,CON-078,Delivery,105.9,Billable,Yes
TMS-000300,2024-05-01,PRJ-0024,CON-071,Analysis,148.6,Billable,Yes
TMS-000301,2024-03-01,PRJ-0024,CON-071,Client Workshop,143.4,Billable,No
TMS-000302,2024-02-01,PRJ-0024,CON-078,Admin,73.9,Non-Billable,Yes
TMS-000303,2024-04-01,PRJ-0024,CON-078,Analysis,68.1,Billable,Yes
TMS-000304,2024-04-01,PRJ-0024,CON-071,Analysis,42.6,Billable,Yes
TMS-000305,2024-02-01,PRJ-0024,CON-078,Admin,135.7,Non-Billable,Yes
TMS-000306,2024-04-01,PRJ-0024,CON-078,Analysis,73.6,Billable,Yes
TMS-000307,2024-02-01,PRJ-0024,CON-074,Internal Training,146.3,Non-Billable,Yes
TMS-000308,2024-02-01,PRJ-0024,CON-078,Delivery,65.6,Billable,Yes
TMS-000309,2024-03-01,prj-0024 ,CON-074,QA Review,184.4,Billable,Yes
TMS-000310,2024-03-01,PRJ-0024,CON-071,Delivery,11,Billable,Yes
TMS-000311,2024-04-01,PRJ-0024,con-074 ,Delivery,94.8,Billable,Yes
TMS-000312,2024-04-01,PRJ-0024,CON-074,Analysis,90.9,Billable,Yes
TMS-000313,2024-04-01,PRJ-0024,CON-078,QA Review,85.4,Billable,Yes
TMS-000314,2024-04-01,PRJ-0024,CON-071,Delivery,192,Billable,Yes
TMS-000315,2024-04-01,PRJ-0024,CON-074,Sales Support,175.4,Non-Billable,Yes
TMS-000316,2024-08-01,PRJ-0025,CON-068,Analysis,115.5,Billable,No
TMS-000317,2024-08-01,PRJ-0025,CON-068,Delivery,86.1,Billable,Yes
TMS-000318,2024-08-01,PRJ-0025,CON-068,Delivery,174.2,Billable,Yes
TMS-000319,2024-07-01,PRJ-0025,CON-068,Delivery,32,Billable,Yes
TMS-000320,2024-08-01,PRJ-0025,CON-017,Delivery,79.6,Billable,No
TMS-000321,2024-07-01,PRJ-0025,CON-068,Delivery,106.1,Billable,Yes
TMS-000322,2024-08-01,PRJ-0025,CON-068,Delivery,75.2,Billable,Yes
TMS-000323,2024-08-01,PRJ-0025,CON-017,Delivery,125.4,Billable,Yes
TMS-000324,2024-07-01,PRJ-0025,CON-068,Analysis,148.7,Billable,Yes
TMS-000325,2024-07-01,PRJ-0025,CON-068,Internal Training,183.7,Non-Billable,Yes
TMS-000326,2024-07-01,PRJ-0025,CON-017,QA Review,34.1,Billable,Yes
TMS-000327,2024-07-01,PRJ-0025,CON-068,Delivery,36.3,Billable,Yes
TMS-000328,2024-08-01,PRJ-0025,CON-068,Delivery,53.9,Billable,Yes
TMS-000329,2024-08-01,PRJ-0025,CON-068,Client Workshop,95.5,Billable,Yes
TMS-000330,2024-08-01,PRJ-0025,CON-068,Client Workshop,26.1,Billable,Yes
TMS-000331,2024-08-01,PRJ-0025,CON-068,Analysis,102.9,Billable,Yes
TMS-000332,2024-08-01,PRJ-0025,CON-017,Delivery,153.2,Billable,Yes
TMS-000333,2024-08-01,PRJ-0025,CON-068,Delivery,115.2,Billable,Yes
TMS-000334,2024-07-01,PRJ-0025,CON-017,Delivery,81.2,Billable,Yes
TMS-000335,2024-07-01,PRJ-0025,CON-017,Admin,120,Non-Billable,Yes
TMS-000336,2024-07-01,PRJ-0025,CON-068,Admin,26.3,Non-Billable,Yes
TMS-000337,2024-02-01,PRJ-0026,CON-078,Delivery,152.9,Billable,Yes
TMS-000338,2024-04-01,PRJ-0026,CON-037,QA Review,55.5,Billable,Yes
TMS-000339,2024-03-01,PRJ-0026,CON-037,Analysis,95.8,Billable,Yes
TMS-000340,2024-03-01,PRJ-0026,CON-022,Delivery,45.2,Billable,Yes
TMS-000341,2024-04-01,PRJ-0026,CON-022,Delivery,47,Billable,Yes
TMS-000342,2024-02-01,PRJ-0026,CON-022,Analysis,24.3,Billable,Yes
TMS-000343,2024-03-01,PRJ-0026,CON-022,Delivery,28.1,Billable,Yes
TMS-000344,2024-03-01,PRJ-0026,CON-022,Admin,57.3,Non-Billable,Yes
TMS-000345,2024-02-01,PRJ-0026,CON-037,Delivery,2,Billable,Yes
TMS-000346,2024-03-01,PRJ-0026,CON-078,Delivery,2,Billable,Yes
TMS-000347,2025-10-01,PRJ-0027,CON-008,Delivery,155.6,Billable,Yes
TMS-000348,2025-10-01,PRJ-0027,CON-008,Internal Training,183.6,Non-Billable,Yes
TMS-000349,2025-10-01,PRJ-0027,CON-074,Delivery,176.8,Billable,Yes
TMS-000350,2025-10-01,PRJ-0027,CON-045,Internal Training,41.6,Non-Billable,Yes
TMS-000351,2025-10-01,PRJ-0027,CON-045,Analysis,185.3,Billable,Yes
TMS-000352,2025-10-01,PRJ-0027,CON-008,Client Workshop,83.7,Billable,Yes
TMS-000353,2025-10-01,PRJ-0027,CON-074,Sales Support,26.2,Non-Billable,Yes
TMS-000354,2025-10-01,PRJ-0027,CON-045,Delivery,188.9,Billable,Yes
TMS-000355,2025-09-01,PRJ-0027,CON-074,Delivery,158.3,Billable,Yes
TMS-000356,2025-09-01,PRJ-0027,CON-074,Delivery,55.3,,Yes
TMS-000357,2025-09-01,PRJ-0027,CON-008,Delivery,16.9,Billable,Yes
TMS-000358,2025-10-01,PRJ-0027,CON-074,Sales Support,23.4,Non-Billable,Yes
TMS-000359,2025-03-01,PRJ-0028,CON-008,Delivery,136.9,Billable,Yes
TMS-000360,2024-11-01,PRJ-0028,CON-008,Delivery,132.4,Billable,Yes
TMS-000361,2025-04-01,PRJ-0028,CON-075,Sales Support,95.3,Non-Billable,Yes
TMS-000362,2025-01-01,PRJ-0028,CON-075,Client Workshop,109.5,Billable,Yes
TMS-000363,2025-01-01,PRJ-0028,CON-008,Delivery,193.4,Billable,Yes
TMS-000364,2024-11-01,PRJ-0028,CON-075,Analysis,93.6,Billable,Yes
TMS-000365,2025-01-01,PRJ-0028,CON-008,Delivery,54.9,Billable,Yes
TMS-000366,2024-12-01,PRJ-0028,CON-044,Delivery,180.6,Billable,Yes
TMS-000367,2025-03-01,PRJ-0028,CON-075,Client Workshop,148.3,Billable,Yes
TMS-000368,2024-12-01,PRJ-0028,CON-075,Sales Support,177.6,Non-Billable,Yes
TMS-000369,2025-02-01,PRJ-0028,CON-075,QA Review,83.8,Billable,Yes
TMS-000370,2025-04-01,PRJ-0028,CON-075,Admin,11.6,Non-Billable,Yes
TMS-000371,2024-12-01,PRJ-0028,CON-044,Client Workshop,116.7,Billable,No
TMS-000372,2024-11-01,PRJ-0028,CON-075,Delivery,45.3,Billable,Yes
TMS-000373,2025-02-01,PRJ-0028,CON-044,Analysis,56.4,Billable,Yes
TMS-000374,2024-12-01,PRJ-0028,CON-044,Client Workshop,133.2,Billable,Yes
TMS-000375,2025-02-01,PRJ-0028,CON-044,Internal Training,18.6,Non-Billable,Yes
TMS-000376,2025-03-01,PRJ-0028,CON-075,Delivery,91,Billable,Yes
TMS-000377,2025-03-01,PRJ-0028,CON-044,Analysis,157.7,Billable,Yes
TMS-000378,2024-12-01,PRJ-0028,CON-075 ,Sales Support,196.9,Non-Billable,No
TMS-000379,2024-12-01,PRJ-0028,CON-075,Analysis,54.3,Billable,Yes
TMS-000380,2024-06-01,PRJ-0029,CON-074,Analysis,169.3,Billable,Yes
TMS-000381,2024-06-01,PRJ-0029,CON-074,Delivery,170.4,Billable,Yes
TMS-000382,2024-02-01,PRJ-0029,CON-074,Analysis,62.8,Billable,Yes
TMS-000383,2024-05-01,PRJ-0029,CON-036,Delivery,150.7,Billable,Yes
TMS-000384,2024-02-01,PRJ-0029,CON-074,Sales Support,88.3,Non-Billable,Yes
TMS-000385,2024-03-01,PRJ-0029,CON-062,Analysis,130.2,Billable,Yes
TMS-000386,2024-07-01,PRJ-0029,CON-036,QA Review,76.2,Billable,Yes
TMS-000387,2024-08-01,PRJ-0029,CON-062,Delivery,86.7,Billable,Yes
TMS-000388,2024-04-01,PRJ-0029,CON-036,Analysis,187.2,Billable,Yes
TMS-000389,2024-08-01,PRJ-0029,CON-036,Delivery,132.1,Billable,Yes
TMS-000390,2024-07-01,PRJ-0029,CON-062,Delivery,133.4,Billable,Yes
TMS-000391,2024-02-01,PRJ-0029,CON-062,Delivery,149.4,Billable,Yes
TMS-000392,2024-07-01,prj-0029,CON-062,Delivery,111.4,Billable,Yes
TMS-000393,2024-08-01,PRJ-0029,CON-062,Delivery,96.1,Billable,Yes
TMS-000394,2024-06-01,PRJ-0029,CON-036,Delivery,197.7,,Yes
TMS-000395,2024-06-01,PRJ-0029,CON-074,Client Workshop,89.3,Billable,Yes
TMS-000396,2024-05-01,PRJ-0029,CON-062,Analysis,23.7,Billable,Yes
TMS-000397,2024-08-01,PRJ-0029,CON-074,Delivery,128.3,Billable,Yes
TMS-000398,2024-02-01,PRJ-0029,CON-036,Internal Training,185.4,Non-Billable,Yes
TMS-000399,2025-07-01,PRJ-0030,CON-070,Delivery,62.7,Billable,Yes
TMS-000400,2025-11-01,PRJ-0030,CON-070,Client Workshop,163.5,Billable,Yes
TMS-000401,2025-11-01,PRJ-0030,CON-057,Sales Support,191.1,Non-Billable,Yes
TMS-000402,2025-10-01,PRJ-0030,CON-057,Analysis,95.9,Billable,Yes
TMS-000403,2025-07-01,PRJ-0030,CON-070,Delivery,172.5,Billable,Yes
TMS-000404,2025-11-01,PRJ-0030,CON-057,QA Review,28.7,Billable,Yes
TMS-000405,2023-07-01,PRJ-0031,CON-026,Delivery,76.4,Billable,Yes
TMS-000406,2023-05-01,PRJ-0031,CON-011,Delivery,157.4,Billable,Yes
TMS-000407,2023-07-01,PRJ-0031,CON-011,QA Review,79,Billable,Yes
TMS-000408,2023-07-01,PRJ-0031,CON-011,Client Workshop,88.3,Billable,Yes
TMS-000409,2023-04-01,PRJ-0031,CON-011,Internal Training,100.9,Non-Billable,Yes
TMS-000410,2023-05-01,PRJ-0031,CON-074,QA Review,25.8,Billable,Yes
TMS-000411,2023-07-01,PRJ-0031,CON-011,Analysis,115.9,Billable,Yes
TMS-000412,2023-08-01,PRJ-0031,CON-074,Analysis,156.5,Billable,Yes
TMS-000413,2023-06-01,PRJ-0031,CON-026,Client Workshop,17.7,Billable,Yes
TMS-000414,2023-06-01,PRJ-0031,CON-011,Client Workshop,117,Billable,Yes
TMS-000415,2023-06-01,PRJ-0031,CON-074,Analysis,42.4,Billable,Yes
TMS-000416,2023-07-01,PRJ-0031,CON-026,Delivery,60.2,Billable,Yes
TMS-000417,2023-08-01,PRJ-0031,CON-011,Delivery,21.6,Billable,Yes
TMS-000418,2023-07-01,PRJ-0031,CON-074,Analysis,20.5,Billable,Yes
TMS-000419,2025-08-01,PRJ-0032,CON-045,QA Review,16,Billable,Yes
TMS-000420,2025-09-01,PRJ-0032,CON-017,Delivery,55.6,Billable,Yes
TMS-000421,2025-07-01,PRJ-0032,CON-045,Delivery,109.7,Billable,Yes
TMS-000422,2025-06-01,PRJ-0032,CON-017,Analysis,19.6,Billable,Yes
TMS-000423,2025-07-01,PRJ-0032,CON-026,Delivery,109.6,Billable,Yes
TMS-000424,2025-08-01,PRJ-0032,CON-017,Analysis,197.2,Billable,Yes
TMS-000425,2025-07-01,PRJ-0032,CON-026,Delivery,168.2,Billable,Yes
TMS-000426,2025-09-01,PRJ-0032,CON-045,QA Review,68.7,Billable,Yes
TMS-000427,2025-05-01,PRJ-0032,CON-045,Delivery,19.3,Billable,No
TMS-000428,2025-07-01,PRJ-0032,CON-017,Analysis,15.9,Billable,Yes
TMS-000429,2025-01-01,PRJ-0033,CON-080,Delivery,165.9,Billable,Yes
TMS-000430,2024-09-01,PRJ-0033,CON-077,Analysis,121.9,Billable,Yes
TMS-000431,2025-01-01,PRJ-0033,CON-077,Delivery,152.2,Billable,Yes
TMS-000432,2024-09-01,PRJ-0033,CON-077,Delivery,51.6,Billable,Yes
TMS-000433,2024-10-01,PRJ-0033,CON-077,Analysis,18.8,Billable,Yes
TMS-000434,2024-09-01,PRJ-0033,CON-077,Analysis,148.1,Billable,Yes
TMS-000435,2025-01-01,PRJ-0033,CON-080,QA Review,157.2,Billable,Yes
TMS-000436,2024-08-01,PRJ-0033,CON-077,Sales Support,27.8,Non-Billable,Yes
TMS-000437,2024-12-01,PRJ-0033,CON-077,Analysis,154.7,Billable,Yes
TMS-000438,2024-09-01,PRJ-0034,CON-026,Internal Training,131.7,Non-Billable,Yes
TMS-000439,2024-11-01,PRJ-0034,CON-029,Analysis,149.9,Billable,Yes
TMS-000440,2024-11-01,PRJ-0034,CON-029 ,Client Workshop,182.6,Billable,Yes
TMS-000441,2024-09-01,PRJ-0034,CON-026,QA Review,23.2,Billable,Yes
TMS-000442,2024-11-01,PRJ-0034,CON-026,Client Workshop,64.9,Billable,Yes
TMS-000443,2024-10-01,PRJ-0034,CON-006,Sales Support,21.1,Non-Billable,Yes
TMS-000444,2025-01-01,PRJ-0034,CON-006,Analysis,64.7,Billable,Yes
TMS-000445,2024-09-01,PRJ-0034,CON-006,Internal Training,184.9,Non-Billable,Yes
TMS-000446,2024-11-01,PRJ-0034,CON-029,Sales Support,38.4,Non-Billable,Yes
TMS-000447,2025-01-01,PRJ-0034,CON-029,QA Review,167.3,Billable,Yes
TMS-000448,2024-11-01,PRJ-0034,CON-026,Client Workshop,168.4,Billable,Yes
TMS-000449,2025-01-01,PRJ-0034,CON-006,Delivery,58.7,Billable,Yes
TMS-000450,2024-09-01,PRJ-0034,CON-006,Delivery,56.6,Billable,Yes
TMS-000451,2024-11-01,PRJ-0034,CON-026,Delivery,103,Billable,Yes
TMS-000452,2024-12-01,PRJ-0034,CON-029,Delivery,69,Billable,Yes
TMS-000453,2024-11-01,PRJ-0034,CON-026,Delivery,32.9,Billable,Yes
TMS-000454,2024-12-01,PRJ-0034,CON-029,Client Workshop,49.1,Billable,Yes
TMS-000455,2025-12-01,PRJ-0035,CON-017,Client Workshop,157.2,Billable,Yes
TMS-000456,2025-12-01,PRJ-0035,CON-017,Analysis,121.3,Billable,Yes
TMS-000457,2025-10-01,PRJ-0035,CON-033,Sales Support,4,Non-Billable,Yes
TMS-000458,2025-10-01,PRJ-0035,CON-033,Delivery,2,Billable,Yes
TMS-000459,2023-05-01,PRJ-0036,CON-002,Analysis,154.5,Billable,Yes
TMS-000460,2023-05-01,PRJ-0036,CON-047,Analysis,42.7,,Yes
TMS-000461,2023-06-01,PRJ-0036,CON-057,Analysis,182.9,Billable,Yes
TMS-000462,2023-06-01,PRJ-0036,CON-002,Delivery,196.4,Billable,Yes
TMS-000463,2023-05-01,PRJ-0036,CON-002,Delivery,117.6,Billable,Yes
TMS-000464,2023-06-01,PRJ-0036,CON-047,QA Review,161.3,Billable,Yes
TMS-000465,2023-06-01,PRJ-0036,CON-047,Delivery,154.5,Billable,No
TMS-000466,2023-05-01,PRJ-0036 ,CON-047,Delivery,104.6,Billable,Yes
TMS-000467,2023-06-01,PRJ-0036,CON-047,Delivery,54.6,Billable,No
TMS-000468,2023-05-01,PRJ-0036,CON-002,Delivery,111.5,Billable,Yes
TMS-000469,2023-06-01,PRJ-0036, CON-057 ,Delivery,135.8,Billable,Yes
TMS-000470,2023-06-01,PRJ-0036,CON-057,QA Review,191.2,Billable,Yes
TMS-000471,2023-06-01,PRJ-0036,CON-047,QA Review,94,Billable,Yes
TMS-000472,2023-01-01,PRJ-0037,CON-049,QA Review,58.5,Billable,Yes
TMS-000473,2023-01-01,PRJ-0037,CON-049,Delivery,148,Billable,Yes
TMS-000474,2023-01-01,PRJ-0037,CON-075,Client Workshop,93.2,Billable,Yes
TMS-000475,2023-02-01,PRJ-0037,CON-049,Client Workshop,35.5,Billable,Yes
TMS-000476,2023-01-01,PRJ-0037,CON-054,Delivery,68.6,Billable,Yes
TMS-000477,2023-03-01,PRJ-0037,CON-054,Analysis,181.6,Billable,Yes
TMS-000478,2023-02-01,PRJ-0037,CON-054,Analysis,99.7,Billable,Yes
TMS-000479,2023-03-01,PRJ-0037,CON-054,Analysis,116.6,Billable,Yes
TMS-000480,2023-03-01,PRJ-0037,CON-054,Admin,191.2,Non-Billable,Yes
TMS-000481,2023-01-01,PRJ-0037,CON-054,Sales Support,121.1,Non-Billable,Yes
TMS-000482,2023-03-01,PRJ-0037,CON-075,Delivery,114.3,Billable,Yes
TMS-000483,2023-01-01,PRJ-0037,CON-049,Analysis,111.8,Billable,Yes
TMS-000484,2023-01-01,PRJ-0037,CON-049,Analysis,50.7,Billable,Yes
TMS-000485,2023-03-01,PRJ-0037,CON-054,Delivery,196.3,Billable,Yes
TMS-000486,2025-12-01,PRJ-0038,CON-028,Delivery,132.3,Billable,Yes
TMS-000487,2025-12-01,PRJ-0038,CON-028,Analysis,197.2,Billable,Yes
TMS-000488,2025-09-01,PRJ-0038,CON-008,Delivery,177.1,Billable,Yes
TMS-000489,2025-10-01,PRJ-0038,CON-028,Delivery,152.7,Billable,Yes
TMS-000490,2025-10-01,PRJ-0038,CON-033,Delivery,52.9,Billable,Yes
TMS-000491,2025-11-01,PRJ-0038,CON-008,Analysis,10.4,,Yes
TMS-000492,2025-08-01,PRJ-0038,CON-008,Delivery,61.1,Billable,Yes
TMS-000493,2024-12-01,PRJ-0039,CON-008,Analysis,184.5,Billable,Yes
TMS-000494,2024-11-01,PRJ-0039,CON-008,QA Review,145.3,Billable,Yes
TMS-000495,2024-11-01,PRJ-0039,CON-028,Admin,73.8,Non-Billable,Yes
TMS-000496,2024-11-01,PRJ-0039,CON-075,Analysis,124.9,Billable,Yes
TMS-000497,2024-12-01,PRJ-0039,CON-075,Analysis,159.1,Billable,Yes
TMS-000498,2024-09-01,PRJ-0039,CON-008,Delivery,160.2,Billable,Yes
TMS-000499,2024-12-01,PRJ-0039,CON-075,Analysis,184.7,Billable,No
TMS-000500,2024-09-01,PRJ-0039,CON-075,QA Review,138.7,Billable,Yes
TMS-000501,2024-09-01,PRJ-0039,CON-075,Client Workshop,192.2,Billable,Yes
TMS-000502,2024-11-01,PRJ-0039,CON-008,QA Review,181.3,Billable,Yes
TMS-000503,2023-07-01,PRJ-0040,CON-074,Analysis,43.3,Billable,Yes
TMS-000504,2023-07-01,PRJ-0040,CON-036,Analysis,34.8,Billable,Yes
TMS-000505,2023-06-01,PRJ-0040,CON-074,Admin,53,Non-Billable,Yes
TMS-000506,2023-06-01,PRJ-0040,CON-036,Sales Support,114.5,Non-Billable,Yes
TMS-000507,2023-06-01,PRJ-0040,CON-062,Analysis,63.2,Billable,Yes
TMS-000508,2024-02-01,PRJ-0041,CON-033,Delivery,21.4,Billable,Yes
TMS-000509,2024-02-01,PRJ-0041,CON-033,Analysis,191.5,Billable,Yes
TMS-000510,2024-03-01,PRJ-0041,CON-069,Client Workshop,70,Billable,Yes
TMS-000511,2024-02-01,PRJ-0041,CON-033,Delivery,32.6,Billable,Yes
TMS-000512,2024-02-01,PRJ-0041,CON-033,Analysis,34.5,Billable,Yes
TMS-000513,2024-02-01,PRJ-0041,CON-069,QA Review,48,Billable,Yes
TMS-000514,2024-02-01,PRJ-0041,CON-069,Admin,176.6,Non-Billable,Yes
TMS-000515,2024-02-01,PRJ-0041,CON-033,Sales Support,46.1,Non-Billable,Yes
TMS-000516,2024-03-01,PRJ-0041,CON-069,Internal Training,138.2,Non-Billable,Yes
TMS-000517,2024-02-01,PRJ-0041,CON-033,Delivery,169.5,Billable,Yes
TMS-000518,2024-03-01,prj-0042 ,CON-008,Delivery,121.4,Billable,Yes
TMS-000519,2024-06-01,PRJ-0042,CON-069,Analysis,192.2,Billable,Yes
TMS-000520,2024-03-01,PRJ-0042,CON-029,Client Workshop,82.6,Billable,Yes
TMS-000521,2024-04-01,PRJ-0042,CON-008,Client Workshop,185,Billable,Yes
TMS-000522,2024-04-01,PRJ-0042,CON-008,Admin,67.1,Non-Billable,Yes
TMS-000523,2024-08-01,PRJ-0042,CON-008,Delivery,157.4,Billable,Yes
TMS-000524,2024-03-01,PRJ-0042,CON-008,QA Review,137.1,Billable,Yes
TMS-000525,2024-04-01,PRJ-0042,CON-008,Delivery,109.8,Billable,Yes
TMS-000526,2024-08-01,PRJ-0042,CON-029,Internal Training,172.3,Non-Billable,Yes
TMS-000527,2024-07-01,PRJ-0042,CON-029,Delivery,57.5,Billable,Yes
TMS-000528,2024-07-01,PRJ-0042,CON-008,Delivery,192.4,Billable,Yes
TMS-000529,2024-04-01,PRJ-0042,CON-069,Analysis,73.7,Billable,Yes
TMS-000530,2024-03-01,PRJ-0042,CON-069,Sales Support,126.5,Non-Billable,Yes
TMS-000531,2024-02-01,PRJ-0042,CON-029,Delivery,142.7,Billable,Yes
TMS-000532,2024-05-01,PRJ-0042,CON-008,Client Workshop,12.3,Billable,Yes
TMS-000533,2024-03-01,PRJ-0042,CON-069,Delivery,22.7,Billable,Yes
TMS-000534,2024-05-01,PRJ-0042,CON-069,Delivery,115,Billable,Yes
TMS-000535,2024-04-01,PRJ-0042,CON-069,Delivery,99.1,Billable,Yes
TMS-000536,2024-04-01,PRJ-0042,CON-069,Delivery,27.6,Billable,Yes
TMS-000537,2024-04-01,PRJ-0042,CON-008,QA Review,181.4,Billable,Yes
TMS-000538,2024-05-01,PRJ-0042,CON-069,Admin,61.7,Non-Billable,Yes
TMS-000539,2024-03-01,PRJ-0042,CON-029,QA Review,86.2,Billable,Yes
TMS-000540,2024-06-01,PRJ-0042,CON-069,Delivery,99.7,Billable,Yes
TMS-000541,2024-03-01,PRJ-0042,CON-029,Delivery,138.7,Billable,Yes
TMS-000542,2024-05-01,PRJ-0042,CON-008,Client Workshop,19.1,Billable,No
TMS-000543,2024-02-01,PRJ-0042,CON-069,Delivery,36.9,Billable,Yes
TMS-000544,2024-07-01,PRJ-0042,CON-008,Delivery,13.6,Billable,Yes
TMS-000545,2024-02-01,PRJ-0042,CON-069,Sales Support,2,Non-Billable,Yes
TMS-000546,2024-02-01,PRJ-0042,CON-029,Delivery,2,Billable,Yes
TMS-000547,2024-07-01,PRJ-0042,CON-008,Delivery,2,Billable,Yes
TMS-000548,2024-07-01,PRJ-0042,CON-008,QA Review,2,Billable,Yes
TMS-000549,2025-11-01,PRJ-0043,CON-034,Delivery,42.4,Billable,Yes
TMS-000550,2025-11-01,PRJ-0043,CON-034,Analysis,118.6,Billable,Yes
TMS-000551,2025-10-01,PRJ-0043,CON-055,Analysis,14.1,Billable,Yes
TMS-000552,2025-11-01,PRJ-0043,CON-034,Delivery,15.6,Billable,Yes
TMS-000553,2025-10-01,PRJ-0043,CON-034,Delivery,55.2,Billable,Yes
TMS-000554,2025-10-01, PRJ-0043,CON-055,Analysis,105.3,Billable,Yes
TMS-000555,2025-11-01,PRJ-0043,CON-055,Delivery,178.9,Billable,Yes
TMS-000556,2025-12-01,PRJ-0043,CON-055,Client Workshop,101.2,Billable,Yes
TMS-000557,2025-11-01,PRJ-0043,CON-055,Analysis,150.6,Billable,Yes
TMS-000558,2025-12-01,PRJ-0043,CON-055,Analysis,189.8,Billable,Yes
TMS-000559,2025-03-01,PRJ-0044,CON-022,Analysis,182.3,Billable,Yes
TMS-000560,2025-03-01,PRJ-0044,CON-037,Delivery,34.9,Billable,Yes
TMS-000561,2025-04-01,PRJ-0044,CON-022,Delivery,173,Billable,Yes
TMS-000562,2025-02-01,PRJ-0044,CON-037,Delivery,67.8,Billable,Yes
TMS-000563,2025-03-01,PRJ-0044,CON-043,Delivery,71.1,Billable,Yes
TMS-000564,2025-03-01,PRJ-0044,CON-022,Analysis,99.5,Billable,Yes
TMS-000565,2025-03-01,PRJ-0044,CON-037,Client Workshop,79.1,Billable,Yes
TMS-000566,2025-03-01,PRJ-0044,CON-037,Delivery,139.8,Billable,Yes
TMS-000567,2025-01-01,PRJ-0044,CON-037,QA Review,66.2,Billable,No
TMS-000568,2025-01-01,PRJ-0044,CON-037,Delivery,174.8,Billable,Yes
TMS-000569,2025-03-01,PRJ-0044,CON-037,Delivery,33.8,Billable,Yes
TMS-000570,2025-02-01,PRJ-0044,CON-037,Client Workshop,117.5,Billable,Yes
TMS-000571,2025-02-01,PRJ-0044,CON-037,Delivery,153.2,Billable,Yes
TMS-000572,2025-03-01,PRJ-0044,CON-022,Analysis,72,Billable,Yes
TMS-000573,2025-04-01,PRJ-0044,CON-022,Delivery,179.5,Billable,Yes
TMS-000574,2025-02-01,PRJ-0044,CON-037,Delivery,102.6,Billable,Yes
TMS-000575,2025-02-01,PRJ-0044,CON-043,Analysis,142.2,Billable,Yes
TMS-000576,2025-03-01,PRJ-0044,con-037 ,Analysis,196.6,Billable,Yes
TMS-000577,2025-02-01,PRJ-0044,CON-022,QA Review,57.4,Billable,Yes
TMS-000578,2025-03-01,PRJ-0044,CON-043,Analysis,155.9,Billable,Yes
TMS-000579,2025-03-01,PRJ-0044,CON-043,Delivery,107,Billable,Yes
TMS-000580,2025-03-01,PRJ-0044,CON-037,Delivery,191.9,Billable,Yes
TMS-000581,2025-02-01,PRJ-0044,CON-043,Client Workshop,166.7,Billable,Yes
TMS-000582,2025-02-01,PRJ-0044,CON-043,Client Workshop,8.7,Billable,Yes
TMS-000583,2025-08-01,PRJ-0045,CON-033,Analysis,76.1,Billable,Yes
TMS-000584,2025-09-01,PRJ-0045,CON-033,Analysis,89.3,Billable,Yes
TMS-000585,2025-08-01,PRJ-0045,CON-033,Analysis,89.4,Billable,Yes
TMS-000586,2025-08-01,PRJ-0045,CON-017,Delivery,116.5,Billable,Yes
TMS-000587,2025-09-01,PRJ-0045,CON-033,Admin,44.4,Non-Billable,Yes
TMS-000588,2025-08-01,PRJ-0045,CON-033,Delivery,138,Billable,Yes
TMS-000589,2025-09-01,PRJ-0045,CON-033,Client Workshop,188.8,Billable,Yes
TMS-000590,2023-02-01,PRJ-0046,CON-033,Delivery,144.1,Billable,Yes
TMS-000591,2023-03-01,PRJ-0046,CON-016,Delivery,189.9,Billable,Yes
TMS-000592,2023-02-01,PRJ-0046,CON-016,Delivery,27.2,Billable,Yes
TMS-000593,2023-02-01,PRJ-0046,CON-033,Admin,98,Non-Billable,Yes
TMS-000594,2023-02-01,PRJ-0046,CON-033,Delivery,135.2,Billable,No
TMS-000595,2023-02-01,PRJ-0046,CON-016,Client Workshop,18.5,Billable,Yes
TMS-000596,2023-03-01,PRJ-0046,CON-033,Delivery,19,Billable,Yes
TMS-000597,2023-03-01,PRJ-0046,CON-033,Analysis,2,Billable,Yes
TMS-000598,2023-06-01,PRJ-0047,CON-038,Sales Support,25.4,Non-Billable,Yes
TMS-000599,2023-06-01,PRJ-0047,CON-072,Delivery,163.7,Billable,Yes
TMS-000600,2023-05-01,PRJ-0047,CON-038,Analysis,45.9,Billable,Yes
TMS-000601,2023-06-01,PRJ-0047,CON-038,Admin,132.1,Non-Billable,Yes
TMS-000602,2023-05-01,PRJ-0047,CON-038,QA Review,193.8,Billable,Yes
TMS-000603,2023-06-01,PRJ-0047,CON-038,Client Workshop,81.8,Billable,Yes
TMS-000604,2023-06-01,PRJ-0047,CON-072,Delivery,43.8,Billable,Yes
TMS-000605,2023-05-01,PRJ-0047,CON-072,QA Review,86.7,Billable,Yes
TMS-000606,2023-06-01,PRJ-0047,con-038,Client Workshop,50.4,Billable,Yes
TMS-000607,2023-05-01,PRJ-0047,CON-038,Client Workshop,66.5,Billable,Yes
TMS-000608,2023-07-01,PRJ-0047,CON-038,Delivery,25.8,Billable,Yes
TMS-000609,2023-06-01,PRJ-0047,CON-072,Analysis,24.1,Billable,Yes
TMS-000610,2023-05-01,PRJ-0047,CON-072,Sales Support,132.3,Non-Billable,Yes
TMS-000611,2023-05-01,PRJ-0047,CON-072,QA Review,93.2,Billable,Yes
TMS-000612,2023-05-01,PRJ-0047,CON-038,Analysis,113.8,Billable,Yes
TMS-000613,2023-05-01,PRJ-0047,CON-072,Delivery,100,Billable,Yes
TMS-000614,2023-06-01,PRJ-0047,CON-038,Sales Support,30.9,Non-Billable,Yes
TMS-000615,2024-06-01,PRJ-0048,CON-057,Analysis,41.6,Billable,Yes
TMS-000616,2024-06-01,PRJ-0048,CON-057,Delivery,103.7,Billable,Yes
TMS-000617,2024-07-01,PRJ-0048,CON-002,Analysis,182.6,Billable,Yes
TMS-000618,2024-07-01,PRJ-0048,CON-057,Delivery,198.1,Billable,Yes
TMS-000619,2024-07-01,PRJ-0048,CON-002,Sales Support,169.7,Non-Billable,Yes
TMS-000620,2024-07-01,PRJ-0048,CON-057,Analysis,22.7,Billable,Yes
TMS-000621,2024-06-01,PRJ-0048,CON-057,Delivery,135.8,Billable,Yes
TMS-000622,2024-05-01,PRJ-0048,CON-002,Delivery,86.9,Billable,Yes
TMS-000623,2024-06-01,PRJ-0048,CON-002,Delivery,42.4,Billable,Yes
TMS-000624,2024-05-01,PRJ-0048,CON-057,Delivery,10.9,Billable,Yes
TMS-000625,2024-06-01,PRJ-0048,CON-002,Delivery,67.6,Billable,Yes
TMS-000626,2024-07-01,PRJ-0048,CON-002,Delivery,2,Billable,Yes
TMS-000627,2023-10-01,PRJ-0049,CON-033,Analysis,181.7,Billable,Yes
TMS-000628,2023-12-01,PRJ-0049,CON-073,Analysis,19.4,Billable,Yes
TMS-000629,2023-10-01,PRJ-0049,CON-033,Delivery,53.5,Billable,Yes
TMS-000630,2024-01-01,PRJ-0049,CON-054,Sales Support,195.9,Non-Billable,Yes
TMS-000631,2024-01-01,PRJ-0049,CON-033,Sales Support,157.5,Non-Billable,Yes
TMS-000632,2023-10-01,PRJ-0049,CON-054,Delivery,98.5,Billable,Yes
TMS-000633,2023-10-01,PRJ-0049,CON-033,Delivery,14.6,Billable,Yes
TMS-000634,2023-12-01,PRJ-0050,CON-068,Delivery,45.8,Billable,Yes
TMS-000635,2024-01-01,PRJ-0050,CON-032,Analysis,135.1,Billable,Yes
TMS-000636,2023-12-01,PRJ-0050,CON-008,Delivery,114.8,Billable,Yes
TMS-000637,2024-01-01,PRJ-0050,CON-032,Admin,86.8,Non-Billable,Yes
TMS-000638,2024-01-01,PRJ-0050,CON-008,Delivery,57.6,Billable,Yes
TMS-000639,2023-12-01,PRJ-0050,CON-068,Delivery,43.8,Billable,Yes
TMS-000640,2023-12-01,PRJ-0050,CON-032,Delivery,160.8,Billable,Yes
TMS-000641,2024-01-01,PRJ-0050,CON-008,Client Workshop,22.5,Billable,Yes
TMS-000642,2024-01-01,PRJ-0050,CON-068,Client Workshop,143,Billable,Yes
TMS-000643,2024-01-01,PRJ-0050,CON-032,Delivery,15.5,Billable,Yes
TMS-000644,2023-12-01,PRJ-0050,CON-068,Delivery,64.8,,Yes
TMS-000645,2023-12-01,PRJ-0050,CON-032,Analysis,131.9,Billable,Yes
TMS-000646,2024-01-01,PRJ-0050,CON-068,Delivery,29.5,,Yes
TMS-000647,2023-12-01,PRJ-0050,CON-068,Delivery,97.8,Billable,Yes
TMS-000648,2024-01-01,PRJ-0050,CON-008,Admin,15,Non-Billable,Yes
TMS-000649,2025-10-01,PRJ-0051,CON-039,Delivery,160.2,Billable,Yes
TMS-000650,2025-10-01,PRJ-0051,CON-014,Internal Training,144.1,Non-Billable,Yes
TMS-000651,2025-12-01,PRJ-0051,CON-015,Delivery,56,Billable,Yes
TMS-000652,2025-10-01,PRJ-0051,CON-039,Delivery,11.3,Billable,Yes
TMS-000653,2025-10-01,PRJ-0051,CON-039,Delivery,63.4,,Yes
TMS-000654,2025-12-01,PRJ-0051,CON-014,Client Workshop,35.4,Billable,Yes
TMS-000655,2025-12-01,PRJ-0051,CON-039,Delivery,148.7,Billable,Yes
TMS-000656,2025-10-01,PRJ-0051,CON-043,Analysis,166.5,Billable,Yes
TMS-000657,2025-10-01,PRJ-0052,CON-006,Delivery,32.6,Billable,Yes
TMS-000658,2025-12-01,PRJ-0052,CON-006,Analysis,126.4,Billable,Yes
TMS-000659,2025-11-01,PRJ-0052,CON-042,Analysis,41.4,Billable,Yes
TMS-000660,2025-11-01,PRJ-0052,CON-006,Delivery,73.7,Billable,Yes
TMS-000661,2023-08-01,PRJ-0053,CON-062,Delivery,176.2,Billable,No
TMS-000662,2023-08-01,PRJ-0053,CON-062,Analysis,80.7,Billable,Yes
TMS-000663,2023-08-01,PRJ-0053,CON-062,Sales Support,61.3,Non-Billable,Yes
TMS-000664,2023-08-01,PRJ-0053,CON-074,Delivery,42.8,Billable,Yes
TMS-000665,2023-08-01, PRJ-0053 ,CON-074,Delivery,118.9,Billable,Yes
TMS-000666,2023-08-01,PRJ-0053,CON-062,Admin,33,Non-Billable,Yes
TMS-000667,2023-08-01,PRJ-0053,CON-062,Delivery,175,Billable,Yes
TMS-000668,2023-08-01,PRJ-0053,CON-074,Analysis,83.8,Billable,Yes
TMS-000669,2023-07-01,PRJ-0053,CON-074,Delivery,163.8,Billable,Yes
TMS-000670,2023-07-01,PRJ-0053,CON-062,Delivery,64.3,Billable,Yes
TMS-000671,2023-08-01,PRJ-0053,CON-074,Analysis,187.2,Billable,Yes
TMS-000672,2023-08-01,PRJ-0053,CON-062,Analysis,59,Billable,Yes
TMS-000673,2023-08-01,PRJ-0053,CON-074,Analysis,38.3,Billable,Yes
TMS-000674,2023-07-01,PRJ-0053,CON-062,Client Workshop,154.3,Billable,Yes
TMS-000675,2023-08-01,PRJ-0053,CON-062,Delivery,10.7,Billable,Yes
TMS-000676,2024-09-01,PRJ-0054,CON-078,Sales Support,81.7,Non-Billable,Yes
TMS-000677,2024-11-01,PRJ-0054,CON-078,Analysis,158.2,Billable,Yes
TMS-000678,2024-10-01,PRJ-0054,con-039 ,Analysis,35.5,Billable,Yes
TMS-000679,2024-11-01,PRJ-0054,CON-074,Delivery,190.4,Billable,Yes
TMS-000680,2024-10-01,PRJ-0054,CON-078,Delivery,188,Billable,Yes
TMS-000681,2024-12-01,PRJ-0054,CON-074,Delivery,45.8,Billable,Yes
TMS-000682,2025-01-01,PRJ-0054,CON-078,Delivery,130.9,Billable,Yes
TMS-000683,2024-12-01,PRJ-0054, CON-074 ,Delivery,48.3,Billable,Yes
TMS-000684,2025-01-01,PRJ-0054,CON-078,QA Review,132.2,Billable,Yes
TMS-000685,2025-01-01,PRJ-0054,CON-078,Sales Support,60.8,Non-Billable,Yes
TMS-000686,2024-11-01,PRJ-0054,CON-078,Sales Support,165.8,Non-Billable,Yes
TMS-000687,2025-01-01,PRJ-0054,CON-074,Analysis,99,Billable,Yes
TMS-000688,2024-07-01,PRJ-0055,CON-038,Internal Training,110.7,,Yes
TMS-000689,2024-10-01,PRJ-0055,CON-072,Delivery,139.5,Billable,Yes
TMS-000690,2024-11-01,PRJ-0055,CON-038,Delivery,65,Billable,Yes
TMS-000691,2024-10-01,PRJ-0055,CON-007,Delivery,11.7,Billable,Yes
TMS-000692,2024-07-01,PRJ-0055,CON-038,Delivery,16,Billable,Yes
TMS-000693,2024-07-01,PRJ-0055,CON-038,Delivery,34.2,Billable,Yes
TMS-000694,2024-09-01,PRJ-0055,CON-038,Delivery,69.9,Billable,Yes
TMS-000695,2024-09-01,PRJ-0055,CON-038,Client Workshop,29,Billable,Yes
TMS-000696,2024-10-01,PRJ-0055,CON-007,Analysis,56.8,Billable,Yes
TMS-000697,2024-09-01,PRJ-0055,CON-038,QA Review,196.7,Billable,Yes
TMS-000698,2024-11-01,PRJ-0055,CON-007,Delivery,166.9,Billable,Yes
TMS-000699,2024-11-01,PRJ-0055,CON-007,Delivery,30.3,Billable,Yes
TMS-000700,2024-10-01,PRJ-0055,CON-035,Delivery,101.7,Billable,Yes
TMS-000701,2024-09-01,PRJ-0055,CON-035,Delivery,167,Billable,Yes
TMS-000702,2025-12-01,PRJ-0056,CON-009,Delivery,38.3,Billable,Yes
TMS-000703,2025-12-01,PRJ-0056,CON-009,QA Review,87.6,Billable,Yes
TMS-000704,2025-12-01,PRJ-0056,CON-056,Analysis,83.3,Billable,Yes
TMS-000705,2025-12-01,PRJ-0056,CON-009,Sales Support,138,Non-Billable,Yes
TMS-000706,2025-08-01,PRJ-0056,CON-047,Client Workshop,44.3,Billable,Yes
TMS-000707,2025-09-01,PRJ-0056,CON-047,Delivery,97.1,Billable,Yes
TMS-000708,2025-09-01,PRJ-0056,CON-056,Admin,105.5,Non-Billable,Yes
TMS-000709,2025-07-01,PRJ-0056,CON-056,Client Workshop,97.2,Billable,Yes
TMS-000710,2025-10-01,PRJ-0056,CON-047,Delivery,27.4,Billable,Yes
TMS-000711,2024-09-01,PRJ-0057,CON-038,Sales Support,52.9,Non-Billable,Yes
TMS-000712,2024-09-01,PRJ-0057,CON-011,QA Review,36.7,Billable,Yes
TMS-000713,2024-07-01,PRJ-0057,CON-011,Delivery,110.4,Billable,Yes
TMS-000714,2024-07-01,PRJ-0057,CON-028,Delivery,103.7,Billable,Yes
TMS-000715,2024-09-01,PRJ-0057,CON-028,Delivery,119.5,Billable,Yes
TMS-000716,2024-10-01,PRJ-0057,CON-038,Analysis,11.1,Billable,Yes
TMS-000717,2024-07-01,PRJ-0057,CON-028,Delivery,85.3,Billable,Yes
TMS-000718,2024-09-01,PRJ-0057,CON-011,QA Review,185.5,Billable,Yes
TMS-000719,2024-08-01,PRJ-0057,CON-028,Admin,23.8,Non-Billable,Yes
TMS-000720,2024-09-01,PRJ-0057,CON-028,Analysis,89.7,Billable,Yes
TMS-000721,2024-07-01,PRJ-0057,CON-028,Delivery,59.7,,Yes
TMS-000722,2024-10-01,PRJ-0057,CON-011,QA Review,13.9,Billable,Yes
TMS-000723,2025-04-01,PRJ-0058,CON-038,Client Workshop,121.2,Billable,Yes
TMS-000724,2025-06-01,PRJ-0058,CON-038,Sales Support,108.9,Non-Billable,Yes
TMS-000725,2025-02-01,prj-0058,CON-020,Internal Training,94.3,Non-Billable,Yes
TMS-000726,2025-02-01,PRJ-0058,CON-038,Delivery,119.3,Billable,Yes
TMS-000727,2025-02-01,PRJ-0058,CON-020,Delivery,198.4,Billable,Yes
TMS-000728,2025-03-01,PRJ-0058,CON-020,Delivery,191.6,Billable,Yes
TMS-000729,2025-03-01,PRJ-0058,CON-020,Delivery,64,Billable,Yes
TMS-000730,2025-05-01,PRJ-0059,CON-032,Delivery,71.6,Billable,Yes
TMS-000731,2025-03-01,PRJ-0059,CON-017,Analysis,193,Billable,Yes
TMS-000732,2025-05-01,PRJ-0059,CON-069,Delivery,19.4,,Yes
TMS-000733,2025-04-01,PRJ-0059,CON-032,Delivery,34.4,Billable,Yes
TMS-000734,2025-04-01,PRJ-0059,CON-017,Delivery,30.3,Billable,Yes
TMS-000735,2025-04-01,PRJ-0059,CON-032,Admin,19.9,Non-Billable,Yes
TMS-000736,2025-04-01,PRJ-0059,CON-017,Analysis,7.3,Billable,Yes
TMS-000737,2024-03-01,PRJ-0060,CON-064,Admin,136.3,Non-Billable,Yes
TMS-000738,2024-04-01,PRJ-0060,CON-059,Sales Support,80.5,Non-Billable,Yes
TMS-000739,2024-03-01,PRJ-0060,CON-040,Analysis,163.9,Billable,Yes
TMS-000740,2024-03-01,PRJ-0060,CON-040,Delivery,90.2,Billable,Yes
TMS-000741,2024-03-01,PRJ-0060,CON-040,Sales Support,18.5,Non-Billable,Yes
TMS-000742,2024-04-01,PRJ-0060,CON-040,Client Workshop,2,Billable,Yes
TMS-000743,2024-06-01,PRJ-0061,CON-012,Client Workshop,182.7,,Yes
TMS-000744,2024-08-01,PRJ-0061,CON-012,Client Workshop,93.8,Billable,Yes
TMS-000745,2024-06-01,PRJ-0061,CON-012,Analysis,52.2,Billable,Yes
TMS-000746,2024-02-01,PRJ-0061,CON-012,Client Workshop,58.4,Billable,Yes
TMS-000747,2024-07-01,PRJ-0061,CON-012,Delivery,38.1,Billable,Yes
TMS-000748,2024-06-01,PRJ-0061,CON-077,Analysis,14.4,Billable,Yes
TMS-000749,2024-03-01,PRJ-0061,CON-012,Analysis,17.5,Billable,Yes
TMS-000750,2024-07-01,PRJ-0061,CON-077,Delivery,2,Billable,Yes
TMS-000751,2024-04-01,PRJ-0062,CON-005,Analysis,133.7,Billable,Yes
TMS-000752,2024-04-01,PRJ-0062,CON-048,Delivery,110,Billable,Yes
TMS-000753,2024-03-01,PRJ-0062,CON-007,Delivery,34.3,Billable,Yes
TMS-000754,2024-03-01,PRJ-0062,CON-048,Analysis,50.8,Billable,Yes
TMS-000755,2024-04-01,PRJ-0062,CON-048,Admin,54.7,Non-Billable,Yes
TMS-000756,2024-03-01,PRJ-0062,CON-005,Delivery,196.8,Billable,Yes
TMS-000757,2024-02-01,PRJ-0062,CON-048,Delivery,182.8,Billable,Yes
TMS-000758,2024-04-01,PRJ-0062,CON-007,Analysis,46.8,Billable,Yes
TMS-000759,2024-04-01,prj-0062 ,CON-048,Delivery,36.7,Billable,Yes
TMS-000760,2024-04-01,PRJ-0062,CON-007,Client Workshop,191,Billable,No
TMS-000761,2024-04-01,PRJ-0062,CON-005,Delivery,181.8,Billable,Yes
TMS-000762,2024-05-01,PRJ-0062,CON-048,Analysis,126.7,Billable,Yes
TMS-000763,2024-04-01,PRJ-0062,CON-007,Delivery,70.8,Billable,Yes
TMS-000764,2024-11-01,PRJ-0063,CON-040,Analysis,37,Billable,Yes
TMS-000765,2024-10-01,PRJ-0063,CON-040,QA Review,54,Billable,Yes
TMS-000766,2024-09-01,PRJ-0063,CON-040,Delivery,78,Billable,Yes
TMS-000767,2024-10-01,PRJ-0063,CON-059,Delivery,111.1,Billable,Yes
TMS-000768,2024-09-01,PRJ-0063,CON-059,Delivery,46.1,Billable,Yes
TMS-000769,2024-11-01,PRJ-0063,CON-059,Delivery,14.6,Billable,Yes
TMS-000770,2024-10-01,prj-0063 ,CON-040,Analysis,132.6,Billable,Yes
TMS-000771,2024-10-01,PRJ-0063,CON-059,Analysis,154.4,Billable,Yes
TMS-000772,2024-10-01,PRJ-0063,CON-059,Analysis,178.8,,Yes
TMS-000773,2024-11-01,PRJ-0063,CON-040,Delivery,117.8,Billable,Yes
TMS-000774,2024-10-01,PRJ-0063,CON-059,Delivery,162.3,Billable,Yes
TMS-000775,2024-10-01,PRJ-0063,CON-059,Delivery,99.5,Billable,Yes
TMS-000776,2024-10-01,PRJ-0063,CON-040,Delivery,144.8,Billable,Yes
TMS-000777,2024-11-01,PRJ-0063,CON-040,Sales Support,196.2,Non-Billable,Yes
TMS-000778,2024-09-01,PRJ-0063,CON-040,Delivery,154,Billable,Yes
TMS-000779,2024-10-01,PRJ-0063,CON-040,Delivery,62.3,Billable,Yes
TMS-000780,2024-11-01,PRJ-0063,CON-059,Analysis,165.8,Billable,Yes
TMS-000781,2024-10-01,PRJ-0063,CON-040,Client Workshop,103.6,Billable,Yes
TMS-000782,2024-09-01,PRJ-0063,CON-040,Delivery,133.1,Billable,Yes
TMS-000783,2024-10-01,PRJ-0063,CON-040,Delivery,186.9,Billable,Yes
TMS-000784,2024-10-01,PRJ-0063,CON-040,Delivery,115.8,Billable,Yes
TMS-000785,2024-10-01,PRJ-0063,CON-059,Client Workshop,116,Billable,Yes
TMS-000786,2024-10-01,PRJ-0063,CON-059,Analysis,32.1,Billable,Yes
TMS-000787,2024-11-01,PRJ-0063,CON-059,Sales Support,30.4,Non-Billable,Yes
TMS-000788,2023-04-01,PRJ-0064,CON-055,Client Workshop,79.5,Billable,Yes
TMS-000789,2023-07-01,PRJ-0064,CON-059,Delivery,168.8,Billable,Yes
TMS-000790,2023-05-01,PRJ-0064,CON-055,Client Workshop,100.6,Billable,Yes
TMS-000791,2023-06-01,PRJ-0064,CON-055,Delivery,25,Billable,Yes
TMS-000792,2023-07-01,PRJ-0064,CON-059,Delivery,8.4,Billable,Yes
TMS-000793,2023-05-01,PRJ-0064,CON-059,Delivery,2,Billable,Yes
TMS-000794,2024-04-01,PRJ-0065,CON-078,Client Workshop,28.9,Billable,Yes
TMS-000795,2024-01-01,PRJ-0065,CON-015,Delivery,46.7,Billable,Yes
TMS-000796,2023-12-01,PRJ-0065,CON-015,Delivery,62.5,Billable,Yes
TMS-000797,2023-12-01,PRJ-0065,CON-015,Client Workshop,73.5,Billable,Yes
TMS-000798,2024-02-01,PRJ-0065,CON-074,Delivery,90,Billable,Yes
TMS-000799,2024-01-01,PRJ-0065,CON-078,Delivery,180.8,Billable,Yes
TMS-000800,2024-02-01,PRJ-0065,CON-015,Delivery,159.9,Billable,Yes
TMS-000801,2024-03-01,PRJ-0065,CON-074,Analysis,32.5,Billable,Yes
TMS-000802,2024-02-01,PRJ-0065,CON-078,Client Workshop,161.5,Billable,Yes
TMS-000803,2024-04-01,PRJ-0065,CON-015,Delivery,126.2,Billable,Yes
TMS-000804,2024-03-01,PRJ-0065,CON-078,Internal Training,43.5,Non-Billable,Yes
TMS-000805,2024-01-01,PRJ-0065,CON-078,QA Review,173.1,Billable,Yes
TMS-000806,2024-05-01,PRJ-0065,CON-078,Sales Support,49.8,Non-Billable,Yes
TMS-000807,2023-12-01,PRJ-0065,CON-015,Analysis,73.4,Billable,Yes
TMS-000808,2024-03-01,PRJ-0065,CON-074,QA Review,114.2,Billable,Yes
TMS-000809,2023-12-01,PRJ-0065,CON-074,Internal Training,17.6,Non-Billable,Yes
TMS-000810,2024-01-01,PRJ-0065,CON-015,Sales Support,63.7,Non-Billable,Yes
TMS-000811,2024-03-01,PRJ-0065,CON-078,Analysis,162,Billable,Yes
TMS-000812,2024-03-01,PRJ-0065,CON-078,Delivery,151,Billable,Yes
TMS-000813,2023-12-01,PRJ-0065,CON-078,Analysis,70.6,Billable,Yes
TMS-000814,2024-03-01,PRJ-0065,CON-078,Sales Support,113.9,Non-Billable,Yes
TMS-000815,2024-04-01,PRJ-0065,CON-074,Sales Support,121.2,Non-Billable,Yes
TMS-000816,2024-03-01,PRJ-0065,CON-015,Delivery,50.4,Billable,Yes
TMS-000817,2024-04-01, PRJ-0065 ,CON-015,Delivery,31.2,Billable,Yes
TMS-000818,2024-05-01,PRJ-0065,CON-074,Analysis,122.2,Billable,Yes
TMS-000819,2024-01-01,PRJ-0065,CON-078,Delivery,194.9,Billable,Yes
TMS-000820,2024-04-01,PRJ-0065,CON-078,Delivery,75.4,Billable,No
TMS-000821,2023-12-01,PRJ-0065,CON-074,Delivery,189.4,Billable,Yes
TMS-000822,2024-02-01,PRJ-0065,CON-078,Internal Training,48.1,Non-Billable,Yes
TMS-000823,2024-01-01,PRJ-0065,CON-074,Delivery,11.7,Billable,Yes
TMS-000824,2024-02-01,PRJ-0065,CON-078,Delivery,2,Billable,Yes
TMS-000825,2024-04-01,PRJ-0065,CON-078,Analysis,2,Billable,Yes
TMS-000826,2024-07-01,PRJ-0066,CON-017,Delivery,18.8,Billable,Yes
TMS-000827,2024-06-01,PRJ-0066,CON-049,Delivery,162.6,Billable,Yes
TMS-000828,2024-06-01,PRJ-0066,CON-017,Analysis,128.8,Billable,Yes
TMS-000829,2024-08-01,PRJ-0066,CON-017,Delivery,180.3,Billable,Yes
TMS-000830,2024-06-01,PRJ-0066,CON-033,QA Review,47.1,Billable,Yes
TMS-000831,2024-06-01,PRJ-0066,CON-017,Delivery,171.3,Billable,Yes
TMS-000832,2024-06-01,PRJ-0066,CON-033,Delivery,149.9,Billable,Yes
TMS-000833,2024-07-01,PRJ-0066,CON-033,Client Workshop,32.3,Billable,Yes
TMS-000834,2024-08-01,PRJ-0066,CON-033,Sales Support,10.9,Non-Billable,Yes
TMS-000835,2023-08-01,PRJ-0067,CON-075,Delivery,27.3,Billable,Yes
TMS-000836,2023-08-01,PRJ-0067,CON-075,Analysis,79,,Yes
TMS-000837,2023-08-01,PRJ-0067,CON-032,Delivery,104.1,Billable,Yes
TMS-000838,2023-08-01,PRJ-0067,CON-075,Analysis,18.6,Billable,Yes
TMS-000839,2023-08-01,PRJ-0067,CON-075,QA Review,45.3,Billable,Yes
TMS-000840,2023-08-01,PRJ-0067,CON-075,Analysis,32.7,Billable,Yes
TMS-000841,2023-08-01,PRJ-0067,CON-075,Client Workshop,170,,Yes
TMS-000842,2023-08-01,PRJ-0067,CON-032,Delivery,189.6,Billable,Yes
TMS-000843,2023-08-01,PRJ-0067,CON-032,Delivery,56.7,Billable,Yes
TMS-000844,2023-08-01,PRJ-0067,CON-075,Client Workshop,97.5,Billable,Yes
TMS-000845,2023-08-01,PRJ-0067,CON-075,Client Workshop,196.9,Billable,No
TMS-000846,2023-08-01,PRJ-0067,CON-032,Analysis,139.9,Billable,Yes
TMS-000847,2023-08-01,PRJ-0067,CON-032,Delivery,108.1,Billable,Yes
TMS-000848,2023-08-01,PRJ-0067,CON-075,Sales Support,79.4,Non-Billable,Yes
TMS-000849,2023-08-01,PRJ-0067,CON-075,Client Workshop,38.5,Billable,Yes
TMS-000850,2023-08-01,PRJ-0067,CON-075,Delivery,120.8,Billable,Yes
TMS-000851,2023-08-01,PRJ-0067,CON-032,Sales Support,180.8,,Yes
TMS-000852,2023-08-01,PRJ-0067,CON-075,Sales Support,93,Non-Billable,Yes
TMS-000853,2024-02-01,PRJ-0068,CON-033,Admin,98.6,Non-Billable,Yes
TMS-000854,2024-04-01,PRJ-0068,CON-033,Delivery,12.8,Billable,Yes
TMS-000855,2024-04-01,PRJ-0068,CON-046,Delivery,141.4,Billable,Yes
TMS-000856,2024-04-01,PRJ-0068,CON-046,Delivery,62.2,Billable,Yes
TMS-000857,2024-05-01,PRJ-0068,CON-046,Analysis,182.3,,Yes
TMS-000858,2024-04-01,PRJ-0068,CON-033,Delivery,44.1,Billable,Yes
TMS-000859,2024-05-01,PRJ-0068,CON-075,Delivery,118.4,Billable,Yes
TMS-000860,2024-05-01,PRJ-0068,CON-033,Delivery,10.2,Billable,Yes
TMS-000861,2024-05-01,PRJ-0068,CON-033,Sales Support,171.1,Non-Billable,Yes
TMS-000862,2024-05-01,PRJ-0068,CON-075,Client Workshop,56.1,Billable,Yes
TMS-000863,2024-03-01,PRJ-0068,CON-046,Delivery,103.3,Billable,Yes
TMS-000864,2024-05-01,PRJ-0068,CON-033,Client Workshop,31.4,Billable,Yes
TMS-000865,2024-04-01,PRJ-0068,CON-046,Delivery,94.9,Billable,Yes
TMS-000866,2024-04-01,PRJ-0068,CON-075,Delivery,84.5,Billable,Yes
TMS-000867,2024-05-01,PRJ-0068,CON-033,Analysis,41.1,Billable,Yes
TMS-000868,2025-08-01,PRJ-0069,CON-073,Delivery,21.2,Billable,Yes
TMS-000869,2025-06-01,PRJ-0069,CON-032,Delivery,32.1,Billable,Yes
TMS-000870,2025-05-01,PRJ-0069,CON-032,Analysis,85.7,Billable,Yes
TMS-000871,2025-05-01,PRJ-0069,CON-032,QA Review,37.7,Billable,No
TMS-000872,2025-06-01,PRJ-0069,CON-073,Analysis,163.9,Billable,Yes
TMS-000873,2025-08-01,PRJ-0069,CON-032,QA Review,107.5,Billable,Yes
TMS-000874,2025-08-01,PRJ-0069,CON-073,QA Review,75.9,Billable,Yes
TMS-000875,2025-05-01,PRJ-0069,CON-032,Delivery,135.3,Billable,Yes
TMS-000876,2025-08-01,PRJ-0069,CON-073,Delivery,94.2,Billable,Yes
TMS-000877,2025-08-01,PRJ-0069,CON-073,Delivery,144.5,Billable,Yes
TMS-000878,2025-04-01,PRJ-0069,CON-032,Analysis,112.5,Billable,Yes
TMS-000879,2025-08-01,PRJ-0069,CON-073,Analysis,179.9,Billable,Yes
TMS-000880,2025-04-01,PRJ-0069,CON-032,Delivery,69.9,Billable,Yes
TMS-000881,2024-11-01,PRJ-0070,CON-024,Delivery,99.5,Billable,Yes
TMS-000882,2024-09-01,PRJ-0070,CON-038,Delivery,193.8,Billable,Yes
TMS-000883,2024-10-01,PRJ-0070,CON-038,Delivery,36.3,Billable,Yes
TMS-000884,2024-09-01,PRJ-0070,CON-024,Analysis,127.6,Billable,Yes
TMS-000885,2024-10-01,PRJ-0070,CON-024,Delivery,102.2,Billable,Yes
TMS-000886,2024-09-01,PRJ-0070,CON-024,QA Review,166.4,Billable,Yes
TMS-000887,2024-09-01,PRJ-0070,CON-038,Delivery,85.3,Billable,Yes
TMS-000888,2024-10-01,PRJ-0070,CON-038,Client Workshop,132.5,Billable,Yes
TMS-000889,2024-09-01,PRJ-0070,CON-024,Client Workshop,128.9,Billable,Yes
TMS-000890,2024-10-01,PRJ-0070,CON-038,Delivery,6.5,Billable,Yes
TMS-000891,2023-04-01,PRJ-0071,con-077,Delivery,161.6,Billable,Yes
TMS-000892,2023-04-01,PRJ-0071,CON-077,Admin,32,Non-Billable,Yes
TMS-000893,2023-08-01,PRJ-0071,CON-051,Delivery,71.7,Billable,No
TMS-000894,2023-07-01,PRJ-0071,CON-077,Analysis,86.5,Billable,Yes
TMS-000895,2023-08-01,PRJ-0071,CON-077,Analysis,199.1,Billable,Yes
TMS-000896,2023-07-01,PRJ-0071,CON-038,Sales Support,109.9,Non-Billable,Yes
TMS-000897,2023-06-01,PRJ-0071,CON-077,Analysis,184.2,Billable,Yes
TMS-000898,2023-07-01,PRJ-0071,CON-051,Analysis,66.2,Billable,Yes
TMS-000899,2023-06-01,PRJ-0071,CON-038,Delivery,36.5,Billable,Yes
TMS-000900,2023-07-01,PRJ-0071,CON-077,Analysis,143.8,Billable,Yes
TMS-000901,2023-06-01,PRJ-0071,CON-038,Delivery,118.2,Billable,Yes
TMS-000902,2023-08-01,PRJ-0071,CON-077,Analysis,78.9,Billable,Yes
TMS-000903,2023-05-01,PRJ-0071,CON-038,Analysis,81.2,Billable,Yes
TMS-000904,2023-04-01,PRJ-0071,CON-038,Client Workshop,149.1,Billable,Yes
TMS-000905,2023-06-01,PRJ-0071,CON-038,QA Review,150.5,Billable,Yes
TMS-000906,2023-08-01,PRJ-0071,CON-077,Delivery,176.9,Billable,Yes
TMS-000907,2023-04-01,PRJ-0071,CON-038,Analysis,56.1,Billable,Yes
TMS-000908,2023-05-01,PRJ-0071,CON-077,QA Review,193,Billable,Yes
TMS-000909,2023-09-01,PRJ-0071,CON-077,Delivery,29.7,Billable,Yes
TMS-000910,2023-04-01,PRJ-0071,CON-038,Client Workshop,33.5,Billable,Yes
TMS-000911,2023-07-01,PRJ-0071,CON-051,Analysis,63.4,Billable,Yes
TMS-000912,2023-04-01,PRJ-0071,CON-038,Analysis,103,Billable,Yes
TMS-000913,2023-11-01,PRJ-0072,CON-072,Client Workshop,39.2,,Yes
TMS-000914,2023-09-01, PRJ-0072,CON-072,Delivery,148.3,Billable,Yes
TMS-000915,2023-12-01,PRJ-0072,CON-006,Analysis,119.2,Billable,Yes
TMS-000916,2023-11-01,PRJ-0072,CON-072,Delivery,142.3,Billable,Yes
TMS-000917,2023-11-01,PRJ-0072,CON-072,QA Review,109.9,,Yes
TMS-000918,2023-07-01,PRJ-0072,CON-072,Client Workshop,65.3,Billable,Yes
TMS-000919,2023-08-01,PRJ-0072,CON-006,Client Workshop,129.7,Billable,Yes
TMS-000920,2023-10-01,PRJ-0072,CON-006,Delivery,23.8,Billable,Yes
TMS-000921,2023-10-01,PRJ-0072,CON-006,Client Workshop,39.6,Billable,Yes
TMS-000922,2024-12-01,PRJ-0073,CON-057,Delivery,64,Billable,No
TMS-000923,2024-08-01,PRJ-0073,CON-056,Admin,68.3,Non-Billable,Yes
TMS-000924,2024-07-01,PRJ-0073,CON-057,Delivery,97.9,Billable,Yes
TMS-000925,2024-09-01,PRJ-0073,CON-056,Delivery,130.7,Billable,Yes
TMS-000926,2024-09-01,PRJ-0073,CON-056,Delivery,72,Billable,Yes
TMS-000927,2024-09-01,PRJ-0073,CON-056,Delivery,165.8,Billable,Yes
TMS-000928,2025-01-01,PRJ-0073,CON-056,Analysis,127.3,Billable,Yes
TMS-000929,2024-09-01,PRJ-0073,CON-057,Delivery,33.1,Billable,Yes
TMS-000930,2024-08-01,PRJ-0073,CON-057 ,Analysis,92.4,Billable,Yes
TMS-000931,2024-11-01,PRJ-0073,CON-057,Delivery,194.3,Billable,Yes
TMS-000932,2024-08-01,PRJ-0073,CON-057,Analysis,30.2,Billable,Yes
TMS-000933,2024-11-01,PRJ-0073,CON-056,Delivery,130.7,,Yes
TMS-000934,2024-08-01,PRJ-0073,CON-056,Sales Support,170.4,Non-Billable,Yes
TMS-000935,2024-09-01,PRJ-0073,CON-057,Analysis,157,Billable,Yes
TMS-000936,2023-08-01,PRJ-0074,CON-028,Delivery,54.5,Billable,Yes
TMS-000937,2024-01-01,PRJ-0074,CON-011,Analysis,162.3,Billable,Yes
TMS-000938,2023-12-01,PRJ-0074,CON-011,Analysis,112.9,Billable,Yes
TMS-000939,2024-02-01,PRJ-0074,CON-011,Delivery,64.3,,Yes
TMS-000940,2023-11-01,prj-0074,CON-022,Delivery,56.2,Billable,Yes
TMS-000941,2023-11-01,prj-0074 ,CON-022,Sales Support,135.1,Non-Billable,Yes
TMS-000942,2024-01-01,PRJ-0074,CON-011,Delivery,186.9,Billable,Yes
TMS-000943,2023-10-01,PRJ-0074,CON-011,Analysis,81.8,Billable,Yes
TMS-000944,2024-02-01,PRJ-0074,CON-028,Client Workshop,18.2,Billable,Yes
TMS-000945,2024-09-01,PRJ-0075,CON-038,Analysis,104.6,Billable,Yes
TMS-000946,2024-09-01,prj-0075,CON-038,Client Workshop,75.7,Billable,Yes
TMS-000947,2024-09-01,PRJ-0075,CON-038,Sales Support,57.5,,Yes
TMS-000948,2024-08-01,PRJ-0075,CON-007,Delivery,146.4,Billable,Yes
TMS-000949,2024-08-01,PRJ-0075,CON-007,Delivery,66.8,Billable,No
TMS-000950,2024-08-01,PRJ-0075,CON-038,Delivery,40.8,Billable,No
TMS-000951,2024-08-01,PRJ-0075,CON-007,Client Workshop,152.9,Billable,Yes
TMS-000952,2024-07-01,PRJ-0075,CON-035,Delivery,22.2,Billable,Yes
TMS-000953,2024-08-01,PRJ-0075,CON-035,Delivery,153,Billable,Yes
TMS-000954,2024-07-01,PRJ-0075,CON-007,Delivery,158.7,Billable,Yes
TMS-000955,2024-09-01,PRJ-0075, CON-038,Analysis,111.4,Billable,Yes
TMS-000956,2024-10-01,PRJ-0075,CON-038,Analysis,146.9,,Yes
TMS-000957,2024-09-01,PRJ-0075,CON-035,Delivery,95.9,Billable,Yes
TMS-000958,2024-08-01,PRJ-0075,CON-007,Admin,23.9,Non-Billable,Yes
TMS-000959,2024-08-01,PRJ-0075,CON-038,Sales Support,40.7,Non-Billable,Yes
TMS-000960,2024-09-01,PRJ-0075,CON-035,Delivery,129.4,Billable,Yes
TMS-000961,2024-10-01,PRJ-0075,CON-035,Delivery,144,Billable,Yes
TMS-000962,2024-07-01,PRJ-0075, CON-007,QA Review,65.1,Billable,Yes
TMS-000963,2024-08-01,PRJ-0075,CON-035,Analysis,40.9,Billable,Yes
TMS-000964,2024-09-01,PRJ-0075,CON-007,Delivery,167.9,Billable,Yes
TMS-000965,2024-10-01,PRJ-0075,CON-007,Analysis,62.9,Billable,Yes
TMS-000966,2024-08-01,PRJ-0075,CON-038,QA Review,196.3,Billable,Yes
TMS-000967,2024-07-01,PRJ-0075,CON-007,QA Review,27.8,Billable,Yes
TMS-000968,2024-08-01,PRJ-0075,CON-035,Delivery,29,Billable,Yes
TMS-000969,2024-09-01,PRJ-0075,CON-007,Delivery,83.8,Billable,Yes
TMS-000970,2024-09-01,PRJ-0075,CON-038,Admin,2,Non-Billable,Yes
TMS-000971,2024-09-01,PRJ-0075,CON-007,Client Workshop,2,Billable,Yes
TMS-000972,2023-04-01,PRJ-0076,CON-017,Delivery,172.1,Billable,Yes
TMS-000973,2023-04-01,PRJ-0076,CON-049,Delivery,103.8,Billable,Yes
TMS-000974,2023-05-01,PRJ-0076,CON-017,Analysis,179.1,Billable,Yes
TMS-000975,2023-06-01,PRJ-0076,CON-032,Admin,122.3,Non-Billable,Yes
TMS-000976,2023-05-01,PRJ-0076,CON-032,Delivery,28.5,Billable,Yes
TMS-000977,2023-05-01,PRJ-0076,CON-049,Delivery,128.3,Billable,Yes
TMS-000978,2023-05-01,PRJ-0076,CON-017,Sales Support,100.5,Non-Billable,Yes
TMS-000979,2023-06-01,PRJ-0076,CON-017,Delivery,150.7,Billable,Yes
TMS-000980,2023-05-01,PRJ-0076,CON-017,Analysis,148.9,,Yes
TMS-000981,2023-08-01,PRJ-0077,CON-059,Client Workshop,199.3,Billable,Yes
TMS-000982,2023-06-01,PRJ-0077,CON-040,Analysis,72.8,Billable,Yes
TMS-000983,2023-03-01,PRJ-0077,CON-059,Sales Support,18,Non-Billable,Yes
TMS-000984,2023-07-01,PRJ-0077,CON-059,Client Workshop,35.7,Billable,Yes
TMS-000985,2023-09-01,PRJ-0077,CON-040,Delivery,21,Billable,Yes
TMS-000986,2023-03-01,PRJ-0077,CON-059,Admin,108.2,Non-Billable,Yes
TMS-000987,2023-07-01,PRJ-0077,CON-059,Delivery,19.9,Billable,Yes
TMS-000988,2023-06-01,PRJ-0077,CON-040,Delivery,176.9,Billable,Yes
TMS-000989,2023-02-01,PRJ-0077,CON-040,Delivery,62.6,Billable,Yes
TMS-000990,2023-02-01,PRJ-0077,CON-040,Delivery,171,Billable,Yes
TMS-000991,2023-03-01,PRJ-0077,CON-040,QA Review,58.7,Billable,Yes
TMS-000992,2023-03-01,PRJ-0077,CON-059,Delivery,65.5,Billable,Yes
TMS-000993,2023-04-01,PRJ-0077,CON-059,Delivery,108.8,Billable,Yes
TMS-000994,2023-05-01,PRJ-0077 ,CON-040,Client Workshop,106.3,Billable,Yes
TMS-000995,2023-08-01,PRJ-0077,CON-059,Analysis,62.5,Billable,Yes
TMS-000996,2023-05-01,PRJ-0077,CON-059,Delivery,12.7,Billable,Yes
TMS-000997,2023-05-01,PRJ-0077,CON-040,Admin,93.3,Non-Billable,Yes
TMS-000998,2023-03-01,PRJ-0077,CON-059,Analysis,119.5,Billable,Yes
TMS-000999,2023-07-01,PRJ-0077,CON-040,Analysis,122.1,Billable,Yes
TMS-001000,2023-08-01,PRJ-0077,CON-040,QA Review,61.7,Billable,Yes
TMS-001001,2023-03-01,PRJ-0077,CON-059,Analysis,62.2,Billable,Yes
TMS-001002,2023-05-01,PRJ-0077,con-040,Delivery,24.7,Billable,Yes
TMS-001003,2023-07-01,PRJ-0077,CON-059,Delivery,59.6,Billable,Yes
TMS-001004,2023-06-01,PRJ-0077,CON-059,Delivery,43,Billable,Yes
TMS-001005,2023-06-01,PRJ-0077,CON-059,Client Workshop,14.1,,Yes
TMS-001006,2023-08-01,PRJ-0077,CON-040,Delivery,2,Billable,Yes
TMS-001007,2023-05-01,PRJ-0077,CON-059,Delivery,2,,Yes
TMS-001008,2023-09-01,PRJ-0078,CON-075,Delivery,35.7,Billable,Yes
TMS-001009,2023-09-01,PRJ-0078,CON-046,Delivery,180.7,Billable,Yes
TMS-001010,2023-09-01,PRJ-0078,CON-075,Sales Support,99.2,Non-Billable,Yes
TMS-001011,2023-08-01,PRJ-0078,CON-075,Delivery,55.8,Billable,Yes
TMS-001012,2023-08-01,PRJ-0078,CON-046,Delivery,177.8,Billable,Yes
TMS-001013,2023-08-01,prj-0078 ,CON-075,Delivery,35.7,Billable,Yes
TMS-001014,2023-09-01,PRJ-0078,CON-046,Analysis,46,Billable,Yes
TMS-001015,2023-08-01,PRJ-0078,CON-046,Delivery,7.4,Billable,Yes
TMS-001016,2025-01-01,PRJ-0079,CON-071,Delivery,70.2,Billable,Yes
TMS-001017,2025-02-01,PRJ-0079, CON-074 ,Delivery,46.6,Billable,Yes
TMS-001018,2025-01-01,PRJ-0079,CON-010,Delivery,182.8,Billable,Yes
TMS-001019,2025-01-01,PRJ-0079,CON-074,Internal Training,135.2,Non-Billable,Yes
TMS-001020,2025-01-01,PRJ-0079,CON-074,Sales Support,96.8,Non-Billable,Yes
TMS-001021,2025-02-01,PRJ-0079,CON-010,Client Workshop,83.4,Billable,Yes
TMS-001022,2025-01-01,PRJ-0079,CON-010,Sales Support,110.5,Non-Billable,Yes
TMS-001023,2025-02-01,PRJ-0079,CON-010,Delivery,166.4,Billable,Yes
TMS-001024,2025-02-01,PRJ-0079,CON-071,Sales Support,127.4,Non-Billable,Yes
TMS-001025,2025-01-01,PRJ-0079,CON-074,Sales Support,42.5,Non-Billable,Yes
TMS-001026,2025-01-01,PRJ-0079,CON-071,Delivery,113.4,Billable,Yes
TMS-001027,2025-01-01,PRJ-0079,CON-010,Delivery,194.7,Billable,Yes
TMS-001028,2025-02-01,PRJ-0079,CON-010,QA Review,156,Billable,Yes
TMS-001029,2025-02-01,PRJ-0079,CON-074,Delivery,79,Billable,Yes
TMS-001030,2025-01-01,PRJ-0079,CON-071,Client Workshop,28,Billable,Yes
TMS-001031,2025-01-01,PRJ-0079,CON-074,Delivery,45,Billable,Yes
TMS-001032,2025-02-01,PRJ-0079,CON-071,Delivery,25.1,Billable,Yes
TMS-001033,2025-01-01,PRJ-0079,CON-010,Delivery,199.8,Billable,Yes
TMS-001034,2025-02-01,PRJ-0079,CON-074,Delivery,105.7,Billable,Yes
TMS-001035,2025-01-01,PRJ-0079,CON-071,Analysis,79.4,Billable,Yes
TMS-001036,2025-01-01,PRJ-0079,CON-071,Internal Training,115.8,Non-Billable,Yes
TMS-001037,2025-02-01,PRJ-0079,CON-071,Admin,110.2,Non-Billable,Yes
TMS-001038,2025-01-01,PRJ-0079,con-071,Analysis,37.8,Billable,No
TMS-001039,2025-01-01,PRJ-0079,CON-071,Analysis,64.9,,Yes
TMS-001040,2025-01-01,PRJ-0079,CON-071,Delivery,39.3,Billable,Yes
TMS-001041,2025-02-01,PRJ-0079,CON-074,Sales Support,65.8,Non-Billable,Yes
TMS-001042,2025-01-01,PRJ-0079,con-071,Delivery,95,Billable,Yes
TMS-001043,2025-01-01,PRJ-0079,CON-010,Client Workshop,176.2,Billable,Yes
TMS-001044,2025-02-01,PRJ-0079,CON-010,Delivery,128.5,Billable,Yes
TMS-001045,2025-01-01,PRJ-0079,CON-071,Delivery,94.9,Billable,No
TMS-001046,2024-04-01,PRJ-0080,CON-048,Analysis,61.6,Billable,Yes
TMS-001047,2024-03-01,PRJ-0080,CON-048,Sales Support,172.5,Non-Billable,Yes
TMS-001048,2024-01-01,PRJ-0080,CON-072,Delivery,39.7,Billable,Yes
TMS-001049,2024-02-01,PRJ-0080,CON-038,Analysis,89.1,Billable,Yes
TMS-001050,2024-02-01,PRJ-0080,CON-048 ,Sales Support,27.2,Non-Billable,Yes
TMS-001051,2024-01-01,PRJ-0080,CON-072,Client Workshop,16.7,Billable,Yes
TMS-001052,2024-04-01,PRJ-0080,CON-048,Analysis,12.2,Billable,Yes
TMS-001053,2025-11-01,PRJ-0081,CON-059,Delivery,84.7,Billable,Yes
TMS-001054,2025-11-01,PRJ-0081,CON-034,Delivery,21.2,Billable,Yes
TMS-001055,2025-11-01,PRJ-0081,CON-059,Sales Support,16.5,Non-Billable,Yes
TMS-001056,2025-10-01,PRJ-0081,CON-059,Client Workshop,2,Billable,Yes
TMS-001057,2025-06-01,PRJ-0082,CON-034,Analysis,171.7,Billable,Yes
TMS-001058,2025-06-01,PRJ-0082,CON-034,Delivery,114.4,Billable,Yes
TMS-001059,2025-05-01,PRJ-0082,CON-059,Delivery,150.1,Billable,No
TMS-001060,2025-04-01,PRJ-0082,CON-059,QA Review,2.6,Billable,Yes
TMS-001061,2024-08-01,PRJ-0083,CON-056,Delivery,191.9,Billable,Yes
TMS-001062,2024-04-01,PRJ-0083,CON-058,Analysis,88.7,Billable,Yes
TMS-001063,2024-07-01,PRJ-0083,CON-056,Delivery,107.2,Billable,Yes
TMS-001064,2024-08-01,PRJ-0083,CON-056,Admin,67.2,Non-Billable,Yes
TMS-001065,2024-06-01,PRJ-0083,CON-047,Client Workshop,123.6,Billable,Yes
TMS-001066,2024-05-01,PRJ-0083,CON-058,QA Review,170.5,Billable,Yes
TMS-001067,2024-07-01,PRJ-0083,CON-058,Client Workshop,168.3,Billable,Yes
TMS-001068,2024-04-01,PRJ-0083,CON-058,Client Workshop,107.3,Billable,Yes
TMS-001069,2024-07-01,PRJ-0083,CON-058,Analysis,108.3,Billable,Yes
TMS-001070,2025-11-01,PRJ-0084,CON-051,QA Review,32.5,Billable,Yes
TMS-001071,2025-10-01,PRJ-0084,CON-051,Delivery,11.7,,Yes
TMS-001072,2025-10-01,PRJ-0084,CON-020 ,Delivery,16.3,Billable,Yes
TMS-001073,2025-12-01,PRJ-0084,CON-051,Sales Support,78.4,Non-Billable,Yes
TMS-001074,2025-10-01,PRJ-0084,CON-077,Analysis,14.2,Billable,Yes
TMS-001075,2023-11-01,PRJ-0085,CON-037,QA Review,195.7,Billable,Yes
TMS-001076,2023-11-01,PRJ-0085,CON-039,Client Workshop,86.9,Billable,Yes
TMS-001077,2023-12-01,PRJ-0085,CON-039,Delivery,101.7,Billable,Yes
TMS-001078,2023-11-01,PRJ-0085,CON-039,Analysis,150.9,Billable,Yes
TMS-001079,2023-10-01,PRJ-0085,CON-039,Delivery,54.6,Billable,Yes
TMS-001080,2023-10-01,PRJ-0085, CON-015,Analysis,124.4,Billable,Yes
TMS-001081,2023-11-01,PRJ-0085,CON-037,QA Review,90,Billable,Yes
TMS-001082,2023-11-01,PRJ-0085,CON-015,Analysis,22.5,,Yes
TMS-001083,2023-12-01,PRJ-0085,CON-036,Delivery,132,Billable,Yes
TMS-001084,2023-11-01,PRJ-0085,CON-039,Delivery,137.3,Billable,Yes
TMS-001085,2023-11-01,PRJ-0085,CON-037,Delivery,28.2,Billable,Yes
TMS-001086,2023-11-01,PRJ-0085,CON-039,Analysis,68.6,Billable,Yes
TMS-001087,2023-11-01,PRJ-0085,CON-036,Sales Support,136.1,Non-Billable,Yes
TMS-001088,2023-12-01,prj-0085,CON-037,Analysis,32.7,Billable,Yes
TMS-001089,2023-12-01,PRJ-0085,CON-039,Delivery,40.5,Billable,Yes
TMS-001090,2023-10-01,PRJ-0085,CON-015,Analysis,22,Billable,Yes
TMS-001091,2023-10-01,PRJ-0085,CON-015,Delivery,188.8,Billable,Yes
TMS-001092,2023-12-01,PRJ-0085,CON-037,Analysis,145.3,Billable,Yes
TMS-001093,2023-12-01,PRJ-0085,CON-039,Analysis,86.5,Billable,Yes
TMS-001094,2023-11-01,PRJ-0085,CON-015,Delivery,199.1,Billable,Yes
TMS-001095,2023-05-01,PRJ-0086,CON-075,Sales Support,161.9,Non-Billable,Yes
TMS-001096,2023-08-01,PRJ-0086,CON-017,QA Review,46.6,Billable,Yes
TMS-001097,2023-08-01,PRJ-0086,CON-075,Analysis,161.5,Billable,Yes
TMS-001098,2023-08-01,PRJ-0086,CON-073,Internal Training,60.7,Non-Billable,Yes
TMS-001099,2023-06-01,PRJ-0086,CON-017,Delivery,163.9,Billable,Yes
TMS-001100,2023-07-01,PRJ-0086,CON-016,Delivery,10.7,Billable,Yes
TMS-001101,2023-08-01,PRJ-0086,CON-016,Analysis,40.4,Billable,Yes
TMS-001102,2023-06-01,PRJ-0086,CON-073,Delivery,131.6,Billable,Yes
TMS-001103,2023-05-01,PRJ-0086,CON-073,Analysis,75.9,Billable,Yes
TMS-001104,2023-07-01,PRJ-0086,CON-016,Analysis,23.8,Billable,Yes
TMS-001105,2024-06-01,PRJ-0087,CON-078,Admin,80.2,Non-Billable,Yes
TMS-001106,2024-08-01,PRJ-0087,CON-010,Analysis,42.8,Billable,Yes
TMS-001107,2024-06-01,PRJ-0087,CON-010,Analysis,197.9,,Yes
TMS-001108,2024-06-01,PRJ-0087,CON-043,Delivery,113.1,Billable,Yes
TMS-001109,2024-08-01,PRJ-0087,CON-043,Delivery,68.5,Billable,Yes
TMS-001110,2024-07-01,PRJ-0087,CON-043,Delivery,127.3,Billable,Yes
TMS-001111,2024-05-01,PRJ-0087,CON-078,QA Review,161.8,Billable,Yes
TMS-001112,2024-06-01,PRJ-0087,CON-010,Client Workshop,173.3,Billable,Yes
TMS-001113,2024-07-01,PRJ-0087,CON-078,Delivery,104.3,Billable,Yes
TMS-001114,2024-06-01, PRJ-0087 ,CON-041,Delivery,175.1,Billable,Yes
TMS-001115,2024-06-01,PRJ-0087,CON-078,Internal Training,13.9,Non-Billable,Yes
TMS-001116,2024-08-01,PRJ-0087,CON-043,Delivery,130.5,Billable,Yes
TMS-001117,2024-08-01,PRJ-0087,CON-078,Admin,26.7,Non-Billable,Yes
TMS-001118,2024-07-01,PRJ-0087,CON-010,Delivery,25.6,Billable,Yes
TMS-001119,2024-07-01,PRJ-0087 ,CON-041,Delivery,85.8,Billable,Yes
TMS-001120,2024-09-01,PRJ-0087,CON-010,Admin,90.3,Non-Billable,Yes
TMS-001121,2024-06-01,PRJ-0087,CON-041,Analysis,198.4,Billable,Yes
TMS-001122,2024-09-01,PRJ-0087,CON-010,Delivery,37.6,,Yes
TMS-001123,2024-07-01,PRJ-0087,CON-078,Delivery,98,Billable,Yes
TMS-001124,2024-07-01,PRJ-0087,CON-010,Delivery,196.1,Billable,Yes
TMS-001125,2024-08-01,PRJ-0087,CON-043,QA Review,188.1,Billable,Yes
TMS-001126,2024-07-01,PRJ-0087,CON-043,Analysis,180.1,Billable,Yes
TMS-001127,2024-07-01,PRJ-0087,CON-010,Admin,80.5,Non-Billable,Yes
TMS-001128,2024-08-01,PRJ-0087,CON-041,QA Review,26.7,Billable,Yes
TMS-001129,2024-07-01,PRJ-0087,CON-041,Analysis,136.4,Billable,Yes
TMS-001130,2024-02-01,PRJ-0088,CON-037,Delivery,65.7,Billable,Yes
TMS-001131,2024-04-01,PRJ-0088,CON-078,Admin,171.8,Non-Billable,Yes
TMS-001132,2023-11-01,PRJ-0088,CON-078,Sales Support,174.8,Non-Billable,Yes
TMS-001133,2024-02-01,PRJ-0088,CON-078,QA Review,154,Billable,Yes
TMS-001134,2024-01-01,PRJ-0088,CON-078,Analysis,128.7,Billable,Yes
TMS-001135,2024-03-01,PRJ-0088,CON-037,Analysis,105,Billable,Yes
TMS-001136,2023-12-01,PRJ-0088,CON-078,Analysis,130.3,Billable,Yes
TMS-001137,2024-03-01,PRJ-0088,CON-010,Analysis,131.3,Billable,Yes
TMS-001138,2024-01-01,PRJ-0088,CON-037,Client Workshop,10.1,Billable,Yes
TMS-001139,2023-12-01,PRJ-0088,CON-010,Internal Training,59.6,Non-Billable,Yes
TMS-001140,2023-12-01,PRJ-0088,CON-010,QA Review,182.8,Billable,Yes
TMS-001141,2024-03-01,PRJ-0088,CON-037,Delivery,85.7,Billable,Yes
TMS-001142,2024-03-01,PRJ-0088,CON-037,Client Workshop,97.4,Billable,Yes
TMS-001143,2024-02-01,PRJ-0088,CON-037,Analysis,22.8,Billable,Yes
TMS-001144,2023-10-01,PRJ-0088,CON-078,Delivery,69,Billable,Yes
TMS-001145,2023-12-01,PRJ-0088,CON-037,QA Review,43.2,Billable,Yes
TMS-001146,2024-04-01,PRJ-0088,CON-078,Sales Support,79.5,Non-Billable,Yes
TMS-001147,2024-01-01,PRJ-0088,CON-037,Analysis,78.1,Billable,Yes
TMS-001148,2023-11-01,PRJ-0088,CON-078,Admin,168.4,Non-Billable,Yes
TMS-001149,2023-11-01,prj-0088,CON-010,Analysis,54.1,Billable,Yes
TMS-001150,2024-04-01,PRJ-0088,CON-078,Delivery,98.3,Billable,Yes
TMS-001151,2024-01-01,PRJ-0088,CON-037,Internal Training,56.6,Non-Billable,No
TMS-001152,2023-12-01,PRJ-0088,CON-078,Delivery,141.4,Billable,Yes
TMS-001153,2024-01-01,PRJ-0088,CON-010,Delivery,84.4,,Yes
TMS-001154,2025-01-01,PRJ-0089,CON-040,QA Review,67.9,Billable,Yes
TMS-001155,2025-02-01,PRJ-0089,CON-064,QA Review,194.4,Billable,Yes
TMS-001156,2025-01-01,PRJ-0089,CON-040,Delivery,36.4,Billable,Yes
TMS-001157,2025-03-01,PRJ-0089,CON-040,Analysis,123.1,Billable,Yes
TMS-001158,2025-02-01,PRJ-0089,CON-040,Client Workshop,184.8,Billable,Yes
TMS-001159,2025-02-01,PRJ-0089,CON-064,Delivery,23.4,Billable,Yes
TMS-001160,2025-05-01,PRJ-0090,CON-006,Delivery,183.5,Billable,Yes
TMS-001161,2025-07-01,PRJ-0090,CON-031,Delivery,190.2,Billable,Yes
TMS-001162,2025-07-01,PRJ-0090,CON-031,Analysis,71.1,Billable,Yes
TMS-001163,2025-05-01,PRJ-0090,CON-006,Analysis,40.9,Billable,Yes
TMS-001164,2025-08-01,PRJ-0090,CON-006,Delivery,17.5,Billable,Yes
TMS-001165,2025-06-01,PRJ-0090,CON-031,Delivery,17.7,Billable,Yes
TMS-001166,2025-05-01,PRJ-0090,CON-031,QA Review,67.4,Billable,Yes
TMS-001167,2025-05-01,PRJ-0090,CON-006,Delivery,43.8,Billable,Yes
TMS-001168,2025-07-01,PRJ-0090,CON-031,Admin,100.6,Non-Billable,Yes
TMS-001169,2025-07-01,PRJ-0090,CON-031,Analysis,70.8,Billable,Yes
TMS-001170,2025-06-01,PRJ-0090,CON-031,Sales Support,67.6,Non-Billable,Yes
TMS-001171,2025-08-01,PRJ-0090,CON-006,Analysis,88.9,Billable,Yes
TMS-001172,2025-07-01,PRJ-0090,CON-006,Delivery,117.1,Billable,Yes
TMS-001173,2025-05-01,PRJ-0090,CON-031 ,Analysis,144.7,Billable,Yes
TMS-001174,2025-07-01,PRJ-0090,CON-031,Delivery,17.3,Billable,Yes
TMS-001175,2025-07-01,PRJ-0090, CON-006,Analysis,104.1,Billable,Yes
TMS-001176,2025-06-01,PRJ-0090,CON-006,QA Review,32.8,Billable,Yes
TMS-001177,2025-05-01,PRJ-0090,CON-006,Sales Support,136.9,Non-Billable,Yes
TMS-001178,2025-08-01,PRJ-0090,CON-031,Delivery,68.5,Billable,Yes
TMS-001179,2023-06-01,PRJ-0091,CON-006,Delivery,101.7,Billable,Yes
TMS-001180,2023-05-01,PRJ-0091,CON-006,Sales Support,129.3,Non-Billable,Yes
TMS-001181,2023-06-01,PRJ-0091,CON-019,Delivery,63.9,Billable,Yes
TMS-001182,2023-05-01,PRJ-0091,CON-077,Analysis,182.6,Billable,Yes
TMS-001183,2023-05-01,PRJ-0091,CON-019,Delivery,101.7,Billable,Yes
TMS-001184,2023-05-01,PRJ-0091,CON-077,Delivery,60.7,Billable,Yes
TMS-001185,2023-06-01,PRJ-0091,CON-019,Delivery,104.4,Billable,Yes
TMS-001186,2023-05-01,PRJ-0091,CON-006,Delivery,8.2,Billable,Yes
TMS-001187,2023-10-01,PRJ-0092,CON-049,Delivery,65.4,Billable,Yes
TMS-001188,2023-09-01,PRJ-0092,CON-075,QA Review,103.8,Billable,Yes
TMS-001189,2023-11-01,PRJ-0092,CON-049,Delivery,24,Billable,Yes
TMS-001190,2023-09-01,PRJ-0092,CON-049,Sales Support,171.7,Non-Billable,Yes
TMS-001191,2023-09-01,PRJ-0092,CON-075,Analysis,99.2,Billable,Yes
TMS-001192,2023-11-01,PRJ-0092,CON-075,Client Workshop,168.2,Billable,Yes
TMS-001193,2023-10-01,PRJ-0092,CON-049,Sales Support,29.5,Non-Billable,Yes
TMS-001194,2023-11-01,PRJ-0092,CON-075,Delivery,46.7,,Yes
TMS-001195,2023-11-01,PRJ-0092,CON-049,Delivery,61,Billable,Yes
TMS-001196,2023-04-01,PRJ-0093,CON-073,Delivery,166.1,,Yes
TMS-001197,2023-04-01,PRJ-0093,CON-033,Delivery,45,Billable,Yes
TMS-001198,2023-05-01,PRJ-0093,CON-069,Analysis,76.6,Billable,Yes
TMS-001199,2023-03-01,PRJ-0093,CON-069,Delivery,42.2,Billable,Yes
TMS-001200,2023-04-01,PRJ-0093,CON-069,QA Review,121.6,Billable,Yes
TMS-001201,2023-04-01,PRJ-0093,CON-073,Client Workshop,107.6,Billable,Yes
TMS-001202,2023-04-01,PRJ-0093,CON-069,Analysis,32,Billable,Yes
TMS-001203,2023-04-01,PRJ-0093,CON-033,Delivery,57.1,Billable,Yes
TMS-001204,2023-05-01, PRJ-0093 ,CON-033,Delivery,48.1,Billable,Yes
TMS-001205,2023-04-01,PRJ-0093,CON-033,Delivery,175.3,Billable,Yes
TMS-001206,2023-04-01,PRJ-0093,CON-073,Delivery,18,Billable,Yes
TMS-001207,2023-04-01,PRJ-0093,CON-073,Admin,28.7,Non-Billable,Yes
TMS-001208,2023-04-01,PRJ-0093,CON-073,Analysis,25.5,Billable,Yes
TMS-001209,2023-04-01,PRJ-0093,CON-073,Client Workshop,141.5,,Yes
TMS-001210,2023-05-01,PRJ-0093,CON-073,Delivery,15,Billable,Yes
TMS-001211,2024-02-01,PRJ-0094,CON-008,Sales Support,195.3,Non-Billable,No
TMS-001212,2024-03-01, PRJ-0094,CON-048,Analysis,63.1,Billable,Yes
TMS-001213,2024-03-01,PRJ-0094,CON-048,Delivery,148.4,Billable,No
TMS-001214,2024-01-01,PRJ-0094,CON-048,Analysis,104.7,Billable,Yes
TMS-001215,2024-02-01,PRJ-0094,CON-048,Delivery,144.2,Billable,Yes
TMS-001216,2024-03-01,PRJ-0094,CON-048,Sales Support,49.3,Non-Billable,Yes
TMS-001217,2024-01-01,PRJ-0094,CON-048,QA Review,39.2,Billable,Yes
TMS-001218,2024-02-01,PRJ-0094,CON-048,Sales Support,54.6,Non-Billable,Yes
TMS-001219,2024-02-01,PRJ-0094,CON-008,Delivery,11.3,Billable,Yes
TMS-001220,2025-11-01,PRJ-0095,CON-075,Internal Training,128.9,Non-Billable,Yes
TMS-001221,2025-11-01,PRJ-0095,CON-033,Analysis,46.5,Billable,Yes
TMS-001222,2025-09-01,PRJ-0095,CON-075,Sales Support,190.3,Non-Billable,Yes
TMS-001223,2025-11-01,PRJ-0095,CON-033,Delivery,159.9,Billable,Yes
TMS-001224,2025-09-01,PRJ-0095,CON-033,Admin,180.8,Non-Billable,Yes
TMS-001225,2025-10-01,PRJ-0095,CON-049,Internal Training,152.3,Non-Billable,Yes
TMS-001226,2025-10-01,PRJ-0095,CON-033,Delivery,120.2,Billable,Yes
TMS-001227,2025-11-01,PRJ-0095,CON-033,Delivery,128.5,Billable,Yes
TMS-001228,2025-11-01,PRJ-0095,CON-075,Delivery,20.3,Billable,Yes
TMS-001229,2025-09-01,PRJ-0095,CON-049,Delivery,74.4,Billable,Yes
TMS-001230,2025-10-01,PRJ-0095,CON-033,Client Workshop,80.2,Billable,Yes
TMS-001231,2025-12-01,PRJ-0095,CON-075,Internal Training,137,Non-Billable,Yes
TMS-001232,2025-09-01,PRJ-0095,CON-049,Delivery,108.1,Billable,Yes
TMS-001233,2025-12-01,PRJ-0095,CON-069,Client Workshop,13.7,Billable,Yes
TMS-001234,2025-12-01,PRJ-0095,CON-075,Client Workshop,33.3,Billable,Yes
TMS-001235,2025-09-01,PRJ-0095,CON-075,QA Review,76.4,Billable,Yes
TMS-001236,2025-02-01,PRJ-0096,CON-015,Internal Training,32.7,Non-Billable,Yes
TMS-001237,2025-03-01,PRJ-0096,CON-015,Analysis,156.2,Billable,Yes
TMS-001238,2025-03-01,PRJ-0096,CON-015,Analysis,88.1,Billable,Yes
TMS-001239,2025-02-01,PRJ-0096,CON-015,Client Workshop,44.4,Billable,Yes
TMS-001240,2025-02-01,PRJ-0096,CON-015,Client Workshop,23.5,Billable,Yes
TMS-001241,2025-03-01,PRJ-0096,CON-022,Delivery,84,Billable,Yes
TMS-001242,2025-02-01,PRJ-0096,CON-015,Sales Support,22.6,Non-Billable,No
TMS-001243,2025-04-01,PRJ-0097,con-012,Sales Support,169.7,Non-Billable,Yes
TMS-001244,2025-04-01,PRJ-0097,CON-012,Delivery,128.4,Billable,Yes
TMS-001245,2025-04-01,PRJ-0097,CON-012,Client Workshop,27.1,Billable,Yes
TMS-001246,2025-03-01,PRJ-0097,CON-077,Analysis,137.8,Billable,Yes
TMS-001247,2025-04-01,PRJ-0097,CON-012,Delivery,22.7,Billable,Yes
TMS-001248,2025-04-01,PRJ-0097,CON-012,Delivery,72.3,Billable,Yes
TMS-001249,2025-04-01,PRJ-0097,CON-012,Delivery,32,Billable,Yes
TMS-001250,2025-04-01,PRJ-0097,CON-077,Delivery,39.2,Billable,Yes
TMS-001251,2023-07-01,PRJ-0098,CON-017,Admin,169.6,Non-Billable,Yes
TMS-001252,2023-07-01,PRJ-0098,CON-017,Client Workshop,75.3,Billable,Yes
TMS-001253,2023-05-01,PRJ-0098,CON-017,QA Review,13.5,Billable,Yes
TMS-001254,2025-08-01,PRJ-0099,CON-059,Delivery,165.5,Billable,Yes
TMS-001255,2025-04-01,PRJ-0099,CON-064,Delivery,61.7,Billable,Yes
TMS-001256,2025-05-01,PRJ-0099,CON-059,Analysis,135.6,Billable,Yes
TMS-001257,2025-03-01,PRJ-0099,CON-059,Analysis,85.3,Billable,Yes
TMS-001258,2025-04-01,PRJ-0099,CON-059,Sales Support,169.3,Non-Billable,Yes
TMS-001259,2025-05-01,PRJ-0099,CON-059,Delivery,88.8,Billable,Yes
TMS-001260,2025-07-01,PRJ-0099,CON-064,Client Workshop,42.4,Billable,Yes
TMS-001261,2025-08-01,PRJ-0099,CON-064,Analysis,185.6,Billable,Yes
TMS-001262,2025-04-01,PRJ-0099,CON-064,Client Workshop,169.9,Billable,Yes
TMS-001263,2025-07-01,PRJ-0099,CON-059,Delivery,187.3,Billable,Yes
TMS-001264,2025-08-01,PRJ-0099,CON-059,Client Workshop,34,Billable,Yes
TMS-001265,2024-03-01,PRJ-0100,CON-057,Sales Support,48.1,Non-Billable,Yes
TMS-001266,2024-01-01,PRJ-0100,CON-056,Analysis,159,Billable,Yes
TMS-001267,2024-06-01,PRJ-0100,CON-057,Delivery,197.9,Billable,Yes
TMS-001268,2024-01-01,PRJ-0100,CON-057,QA Review,163.5,Billable,Yes
TMS-001269,2024-04-01,PRJ-0100,CON-056,Delivery,84.5,Billable,Yes
TMS-001270,2024-06-01,PRJ-0100,CON-056,Delivery,130.7,Billable,Yes
TMS-001271,2024-05-01,PRJ-0100,CON-056,Delivery,108.8,Billable,Yes
TMS-001272,2024-03-01,PRJ-0100,CON-057,Delivery,100.7,Billable,Yes
TMS-001273,2024-06-01,PRJ-0100,CON-057,Delivery,47.2,Billable,Yes
TMS-001274,2023-12-01,PRJ-0100,CON-056,Client Workshop,89.2,Billable,Yes
TMS-001275,2024-06-01,PRJ-0100,CON-056,Internal Training,28.5,Non-Billable,Yes
TMS-001276,2023-04-01,PRJ-0101,CON-017,Client Workshop,72.7,Billable,Yes
TMS-001277,2023-07-01,PRJ-0101,CON-017,Admin,115.8,Non-Billable,Yes
TMS-001278,2023-04-01,PRJ-0101,CON-017,Delivery,164.4,Billable,Yes
TMS-001279,2023-04-01,PRJ-0101,CON-032,Client Workshop,176.7,,Yes
TMS-001280,2023-05-01,PRJ-0101,CON-050,Client Workshop,44.3,Billable,Yes
TMS-001281,2023-05-01,PRJ-0101,CON-017,QA Review,149,Billable,Yes
TMS-001282,2024-07-01,PRJ-0102,CON-064,Delivery,89.3,Billable,Yes
TMS-001283,2024-05-01,PRJ-0102,CON-064,Analysis,43.4,Billable,Yes
TMS-001284,2024-07-01,PRJ-0102,CON-059,Sales Support,44.8,Non-Billable,Yes
TMS-001285,2024-07-01,PRJ-0102,CON-064,Internal Training,154.9,Non-Billable,Yes
TMS-001286,2024-08-01,PRJ-0102,CON-040,QA Review,90,Billable,Yes
TMS-001287,2024-05-01,PRJ-0102,CON-064,Sales Support,31.9,Non-Billable,Yes
TMS-001288,2024-05-01,PRJ-0102,CON-059,Analysis,166.2,Billable,Yes
TMS-001289,2024-06-01,PRJ-0102,CON-059,Admin,148.5,Non-Billable,Yes
TMS-001290,2024-04-01,PRJ-0102,CON-059,Analysis,12.9,,Yes
TMS-001291,2024-07-01,PRJ-0102,CON-059,Analysis,102.8,Billable,Yes
TMS-001292,2024-07-01,PRJ-0102,CON-040,QA Review,123.5,Billable,Yes
TMS-001293,2024-08-01,PRJ-0102,CON-034,QA Review,191.4,Billable,Yes
TMS-001294,2024-08-01,PRJ-0102,CON-059,Analysis,163.9,Billable,Yes
TMS-001295,2024-05-01,PRJ-0102,CON-064,Analysis,163.2,Billable,Yes
TMS-001296,2024-08-01,PRJ-0102,CON-034,Admin,26,Non-Billable,Yes
TMS-001297,2024-06-01,PRJ-0102,CON-059,Analysis,12.9,Billable,Yes
TMS-001298,2024-05-01,PRJ-0102,CON-059,Delivery,82.3,Billable,Yes
TMS-001299,2024-06-01,PRJ-0102,CON-034,Delivery,3.6,Billable,Yes
TMS-001300,2024-01-01,PRJ-0103,CON-059,Delivery,137.1,Billable,Yes
TMS-001301,2024-01-01,PRJ-0103,CON-055,Delivery,50.7,Billable,Yes
TMS-001302,2024-05-01,PRJ-0103,CON-055,Delivery,172,Billable,Yes
TMS-001303,2024-01-01,PRJ-0103,CON-059,Analysis,158.8,Billable,Yes
TMS-001304,2024-05-01,PRJ-0103,CON-059,Delivery,150.2,Billable,Yes
TMS-001305,2023-12-01,PRJ-0103,CON-055,Delivery,15.2,Billable,Yes
TMS-001306,2024-03-01,PRJ-0103,CON-059,Delivery,26.6,Billable,Yes
TMS-001307,2023-11-01,PRJ-0104,CON-059,Delivery,20.2,Billable,Yes
TMS-001308,2024-01-01,PRJ-0104,CON-059,Client Workshop,102.6,Billable,Yes
TMS-001309,2024-01-01,PRJ-0104,CON-030,QA Review,36,Billable,Yes
TMS-001310,2024-02-01,PRJ-0104,CON-059,Client Workshop,83.7,Billable,Yes
TMS-001311,2024-01-01,PRJ-0104,CON-064,Delivery,177.6,Billable,Yes
TMS-001312,2023-11-01,PRJ-0104 ,CON-067,Analysis,19.3,Billable,No
TMS-001313,2023-11-01,PRJ-0104,CON-064,Delivery,17.6,Billable,Yes
TMS-001314,2024-03-01,PRJ-0104,CON-059,Delivery,19.2,Billable,Yes
TMS-001315,2024-01-01,PRJ-0104,CON-030,Delivery,2,Billable,Yes
TMS-001316,2025-05-01,PRJ-0105,CON-035,Analysis,61.9,Billable,Yes
TMS-001317,2025-06-01,PRJ-0105,CON-023,Analysis,63.1,Billable,Yes
TMS-001318,2025-06-01,PRJ-0105,CON-077,Analysis,166.7,Billable,Yes
TMS-001319,2025-06-01,PRJ-0105,CON-019,QA Review,130.3,Billable,Yes
TMS-001320,2025-07-01,PRJ-0105,CON-077,Analysis,142.7,Billable,Yes
TMS-001321,2025-07-01,PRJ-0105,CON-035,Delivery,71.4,Billable,Yes
TMS-001322,2025-01-01,PRJ-0106,CON-004,Analysis,152,Billable,Yes
TMS-001323,2025-01-01,PRJ-0106,CON-033,Delivery,45.8,Billable,Yes
TMS-001324,2025-02-01,PRJ-0106,CON-033,Delivery,26.7,Billable,Yes
TMS-001325,2024-04-01,PRJ-0107,CON-066,Delivery,89,Billable,No
TMS-001326,2024-04-01,PRJ-0107,CON-066,Delivery,73.6,Billable,Yes
TMS-001327,2024-03-01,PRJ-0107,CON-074,Analysis,167.1,Billable,Yes
TMS-001328,2024-04-01,PRJ-0107,CON-066,Analysis,48,Billable,Yes
TMS-001329,2024-02-01,PRJ-0107,CON-043,Internal Training,181.6,Non-Billable,Yes
TMS-001330,2024-04-01,PRJ-0107,CON-066,Delivery,31.9,Billable,Yes
TMS-001331,2024-04-01,PRJ-0107,CON-066,Delivery,20.9,Billable,Yes
TMS-001332,2024-03-01,PRJ-0107,CON-074,Analysis,13.6,Billable,Yes
TMS-001333,2024-05-01,PRJ-0108,CON-069,Delivery,35.9,Billable,Yes
TMS-001334,2024-05-01,PRJ-0108,CON-069,Analysis,186.9,Billable,Yes
TMS-001335,2024-04-01,PRJ-0108,CON-004,Delivery,16.2,Billable,Yes
TMS-001336,2024-04-01,PRJ-0108,CON-004,Internal Training,116.3,Non-Billable,Yes
TMS-001337,2024-04-01,PRJ-0108,CON-004,Analysis,195.5,Billable,Yes
TMS-001338,2024-03-01,PRJ-0108,CON-004,Analysis,146.8,Billable,Yes
TMS-001339,2024-05-01,PRJ-0108,CON-004,Client Workshop,134.4,Billable,Yes
TMS-001340,2024-02-01,PRJ-0108,CON-004,Analysis,185.6,Billable,Yes
TMS-001341,2024-03-01,PRJ-0108,CON-032,Internal Training,32.2,Non-Billable,Yes
TMS-001342,2024-03-01,PRJ-0108 ,CON-069,Delivery,154.9,Billable,Yes
TMS-001343,2024-02-01,PRJ-0108,CON-069,QA Review,163.3,Billable,Yes
TMS-001344,2024-06-01,PRJ-0108 ,CON-032,Analysis,88.6,Billable,Yes
TMS-001345,2024-11-01,PRJ-0109,CON-075,Analysis,42.7,Billable,Yes
TMS-001346,2024-11-01,PRJ-0109,CON-075,Analysis,133.3,Billable,Yes
TMS-001347,2024-11-01,PRJ-0109,CON-004,Delivery,59.1,Billable,Yes
TMS-001348,2024-12-01,PRJ-0109,CON-075,Delivery,134.3,Billable,Yes
TMS-001349,2024-12-01,PRJ-0109,CON-075,Client Workshop,193.6,Billable,Yes
TMS-001350,2024-11-01,PRJ-0109,CON-004,Delivery,124.6,Billable,Yes
TMS-001351,2024-10-01,PRJ-0109,CON-075,Analysis,18.5,Billable,Yes
TMS-001352,2024-10-01,PRJ-0109,CON-075,Analysis,124.1,Billable,Yes
TMS-001353,2024-11-01,PRJ-0109, CON-004,Delivery,100.2,Billable,No
TMS-001354,2024-11-01,PRJ-0109,CON-004,Analysis,41.7,Billable,Yes
TMS-001355,2024-10-01,PRJ-0109,CON-004,Analysis,138.1,Billable,Yes
TMS-001356,2024-12-01,PRJ-0109,CON-075,Admin,144.5,Non-Billable,Yes
TMS-001357,2024-11-01,PRJ-0109,CON-004,Delivery,84.9,Billable,Yes
TMS-001358,2024-11-01,PRJ-0109,CON-075,Delivery,12.4,Billable,No
TMS-001359,2025-01-01,PRJ-0110,CON-011,Client Workshop,69.1,Billable,Yes
TMS-001360,2025-01-01,PRJ-0110,CON-038,Client Workshop,30,Billable,Yes
TMS-001361,2024-11-01,PRJ-0110,CON-038,Delivery,14.2,Billable,Yes
TMS-001362,2024-12-01,PRJ-0110,CON-011,Delivery,65.3,Billable,Yes
TMS-001363,2025-01-01,PRJ-0110,CON-038,Admin,13.5,Non-Billable,Yes
TMS-001364,2024-12-01,PRJ-0110,CON-011,Client Workshop,195,Billable,Yes
TMS-001365,2025-01-01,PRJ-0110,CON-029,Delivery,94.8,Billable,Yes
TMS-001366,2024-10-01,PRJ-0110,CON-011,Delivery,81.4,Billable,Yes
TMS-001367,2024-12-01,PRJ-0110,CON-011,Delivery,52.5,Billable,No
TMS-001368,2024-10-01,PRJ-0110,con-029,Delivery,29.4,Billable,Yes
TMS-001369,2024-10-01,PRJ-0110,CON-029,Delivery,50.4,Billable,Yes
TMS-001370,2025-01-01,PRJ-0110,CON-038,Analysis,31.2,,Yes
TMS-001371,2024-12-01,PRJ-0110,CON-038,QA Review,68.5,Billable,Yes
TMS-001372,2024-12-01,PRJ-0110,CON-011,Analysis,52.1,Billable,Yes
TMS-001373,2024-11-01,PRJ-0110,CON-038,Analysis,121.2,Billable,Yes
TMS-001374,2024-11-01,PRJ-0110,CON-038,Delivery,128.5,Billable,Yes
TMS-001375,2024-12-01,PRJ-0110,CON-029,Delivery,129.1,Billable,Yes
TMS-001376,2024-12-01,PRJ-0110,CON-029,Client Workshop,99.7,Billable,Yes
TMS-001377,2024-10-01,PRJ-0110,CON-029,QA Review,19.2,Billable,Yes
TMS-001378,2025-10-01,PRJ-0111,CON-077,Admin,196.9,Non-Billable,Yes
TMS-001379,2025-12-01,PRJ-0111,CON-077,Sales Support,7.9,Non-Billable,Yes
TMS-001380,2025-08-01,PRJ-0111,CON-077,Delivery,2,Billable,Yes
TMS-001381,2024-05-01,PRJ-0112,CON-057,Internal Training,176.3,Non-Billable,Yes
TMS-001382,2024-06-01,PRJ-0112,CON-070,Delivery,44.4,Billable,No
TMS-001383,2024-06-01,PRJ-0112,CON-057,Delivery,40.5,Billable,Yes
TMS-001384,2024-06-01,PRJ-0112,CON-057,Admin,66.9,Non-Billable,Yes
TMS-001385,2024-05-01,PRJ-0112,CON-070,Client Workshop,12.2,Billable,Yes
TMS-001386,2024-06-01,PRJ-0112,CON-070,Delivery,21.6,Billable,No
TMS-001387,2024-11-01,PRJ-0113,CON-020,Client Workshop,20,Billable,Yes
TMS-001388,2024-10-01,PRJ-0113,CON-020,Client Workshop,127,Billable,Yes
TMS-001389,2024-11-01,PRJ-0113,CON-020,Analysis,23.1,Billable,Yes
TMS-001390,2024-08-01,PRJ-0113,CON-020,Analysis,49.1,Billable,Yes
TMS-001391,2024-10-01,PRJ-0113,CON-020,Delivery,39.2,Billable,Yes
TMS-001392,2024-11-01,PRJ-0113,CON-012,Delivery,10.1,Billable,Yes
TMS-001393,2024-11-01,PRJ-0113,CON-012,QA Review,95,Billable,Yes
TMS-001394,2024-11-01,PRJ-0114,CON-050,Internal Training,50,Non-Billable,Yes
TMS-001395,2024-11-01,PRJ-0114,CON-069,Internal Training,86.5,Non-Billable,Yes
TMS-001396,2024-11-01,PRJ-0114,CON-017,Delivery,169.1,Billable,Yes
TMS-001397,2024-11-01,PRJ-0114,CON-069,Internal Training,99.3,Non-Billable,Yes
TMS-001398,2024-11-01,PRJ-0114,CON-050,QA Review,163.4,Billable,Yes
TMS-001399,2024-11-01,PRJ-0114,CON-054,Sales Support,17.2,Non-Billable,Yes
TMS-001400,2024-11-01,PRJ-0114,CON-069,Analysis,159.1,Billable,Yes
TMS-001401,2024-11-01,PRJ-0114,CON-069,Delivery,124.7,Billable,Yes
TMS-001402,2024-11-01,PRJ-0114,CON-017,Delivery,55.7,Billable,Yes
TMS-001403,2024-11-01,PRJ-0114,CON-069,Internal Training,85.7,Non-Billable,Yes
TMS-001404,2024-11-01,PRJ-0114,CON-069,Delivery,48.5,Billable,Yes
TMS-001405,2024-11-01,PRJ-0114,CON-069,QA Review,151.1,Billable,Yes
TMS-001406,2024-11-01,PRJ-0114,CON-054,Delivery,20.5,Billable,Yes
TMS-001407,2024-11-01, PRJ-0114 ,CON-017,Analysis,191.7,Billable,Yes
TMS-001408,2024-11-01,PRJ-0114,CON-054,Delivery,110.3,Billable,Yes
TMS-001409,2024-11-01,PRJ-0114,CON-017,Delivery,12.5,Billable,Yes
TMS-001410,2024-11-01,PRJ-0114,CON-054,Analysis,130.8,Billable,Yes
TMS-001411,2024-11-01,PRJ-0114,CON-069,Internal Training,144.4,Non-Billable,Yes
TMS-001412,2024-11-01,PRJ-0114,con-017 ,Admin,186.2,Non-Billable,Yes
TMS-001413,2024-11-01,PRJ-0114,CON-054,Analysis,164.7,Billable,Yes
TMS-001414,2024-11-01,PRJ-0114,CON-054,Analysis,186.1,Billable,Yes
TMS-001415,2024-11-01,PRJ-0114,CON-054,Analysis,49,Billable,Yes
TMS-001416,2024-11-01,PRJ-0114,CON-017,Admin,19.1,Non-Billable,Yes
TMS-001417,2024-11-01,PRJ-0114,CON-069,QA Review,2,Billable,Yes
TMS-001418,2025-07-01,PRJ-0115,CON-059,Delivery,15.7,Billable,Yes
TMS-001419,2025-07-01,PRJ-0115,CON-063,Delivery,85.6,Billable,Yes
TMS-001420,2025-06-01,PRJ-0115,CON-063,Delivery,97,Billable,No
TMS-001421,2025-06-01,PRJ-0115,CON-063,Client Workshop,125.2,Billable,Yes
TMS-001422,2025-07-01,PRJ-0115,con-063,Sales Support,145.1,Non-Billable,Yes
TMS-001423,2025-07-01,PRJ-0115,CON-059,Sales Support,92.5,Non-Billable,Yes
TMS-001424,2025-06-01,PRJ-0115,CON-059,Delivery,162.4,Billable,Yes
TMS-001425,2025-06-01,PRJ-0115,CON-063,Delivery,188.1,Billable,Yes
TMS-001426,2025-07-01, PRJ-0115 ,CON-063,QA Review,39.5,Billable,Yes
TMS-001427,2025-06-01,PRJ-0115,CON-059,Client Workshop,17,Billable,Yes
TMS-001428,2025-05-01,PRJ-0115,CON-063,Analysis,15.8,Billable,Yes
TMS-001429,2025-07-01,PRJ-0115,CON-063,Delivery,19.5,Billable,Yes
TMS-001430,2025-10-01,PRJ-0116,CON-001,Delivery,106.8,,Yes
TMS-001431,2025-12-01,PRJ-0116,CON-077,Delivery,17.1,Billable,Yes
TMS-001432,2025-11-01,PRJ-0116,CON-077,Delivery,37.3,Billable,Yes
TMS-001433,2025-11-01,PRJ-0116,CON-001,Delivery,15.5,Billable,Yes
TMS-001434,2024-10-01,PRJ-0117,CON-069,Sales Support,141.6,Non-Billable,Yes
TMS-001435,2024-11-01,PRJ-0117,CON-016,Delivery,41.7,,Yes
TMS-001436,2024-10-01,PRJ-0117,CON-016,Delivery,23.3,Billable,Yes
TMS-001437,2024-10-01,PRJ-0117,CON-032,Delivery,2,Billable,Yes
TMS-001438,2024-11-01,PRJ-0117,CON-016,Internal Training,2,Non-Billable,Yes
TMS-001439,2024-11-01,PRJ-0118,CON-075,Sales Support,20,Non-Billable,Yes
TMS-001440,2024-09-01,PRJ-0118,CON-075,Delivery,161.6,Billable,Yes
TMS-001441,2024-07-01,PRJ-0118,CON-032,Delivery,50.7,Billable,Yes
TMS-001442,2024-07-01,PRJ-0118, CON-075,QA Review,115.3,Billable,Yes
TMS-001443,2024-06-01,PRJ-0118,CON-004,Client Workshop,176.5,Billable,Yes
TMS-001444,2024-07-01,PRJ-0118,CON-032,Delivery,65.9,Billable,Yes
TMS-001445,2024-10-01,PRJ-0119,CON-007,Analysis,48.8,Billable,Yes
TMS-001446,2025-01-01,PRJ-0119,CON-007,QA Review,28,Billable,Yes
TMS-001447,2024-12-01,PRJ-0119,CON-007,QA Review,54.6,Billable,Yes
TMS-001448,2024-12-01,PRJ-0119,CON-006,Admin,90.8,Non-Billable,Yes
TMS-001449,2025-01-01,PRJ-0119,CON-006,Delivery,27.4,Billable,Yes
TMS-001450,2024-12-01,PRJ-0119,CON-006,Delivery,152.7,Billable,Yes
TMS-001451,2025-01-01,PRJ-0119,CON-006,Delivery,21.7,Billable,Yes
TMS-001452,2024-12-01,PRJ-0119,CON-005,Analysis,176.2,,Yes
TMS-001453,2024-12-01,PRJ-0119,CON-005,Delivery,123.5,Billable,Yes
TMS-001454,2024-12-01,PRJ-0119,CON-007,Internal Training,24.2,Non-Billable,Yes
TMS-001455,2024-11-01,PRJ-0119,CON-006,Analysis,184.9,Billable,Yes
TMS-001456,2024-10-01,prj-0119,CON-007,Analysis,143.1,Billable,Yes
TMS-001457,2024-10-01,PRJ-0119,CON-007,Admin,168.4,Non-Billable,Yes
TMS-001458,2024-11-01,PRJ-0119,CON-007,Delivery,184.1,Billable,Yes
TMS-001459,2024-12-01,PRJ-0119,CON-005,Delivery,64,Billable,Yes
TMS-001460,2024-11-01,PRJ-0119,CON-005,Delivery,197.7,Billable,Yes
TMS-001461,2025-01-01,PRJ-0119,CON-007,Delivery,138.9,Billable,Yes
TMS-001462,2024-10-01,PRJ-0119,CON-006,Sales Support,31.9,Non-Billable,Yes
TMS-001463,2024-10-01,PRJ-0119,CON-006,Internal Training,31.7,Non-Billable,Yes
TMS-001464,2024-11-01,PRJ-0119,CON-006,Analysis,37.9,Billable,Yes
TMS-001465,2025-01-01,PRJ-0119,CON-006,Delivery,198,Billable,No
TMS-001466,2024-12-01,PRJ-0119,CON-007,Internal Training,189.1,Non-Billable,Yes
TMS-001467,2025-01-01,PRJ-0119,CON-007,Analysis,30,Billable,Yes
TMS-001468,2024-12-01,PRJ-0119,CON-005,Delivery,81.7,Billable,Yes
TMS-001469,2024-12-01,PRJ-0119,CON-007,Delivery,94.4,Billable,Yes
TMS-001470,2024-11-01,PRJ-0119,CON-005,Delivery,179.5,Billable,Yes
TMS-001471,2024-11-01,PRJ-0119,CON-005,Admin,47.8,Non-Billable,Yes
TMS-001472,2023-08-01,PRJ-0120,CON-067,Analysis,17.1,Billable,Yes
TMS-001473,2023-09-01,PRJ-0120,CON-059,Delivery,178.3,Billable,Yes
TMS-001474,2023-08-01,PRJ-0120,CON-059,Sales Support,60.2,Non-Billable,Yes
TMS-001475,2023-09-01,PRJ-0120,CON-059,Admin,32.3,Non-Billable,Yes
TMS-001476,2023-09-01,PRJ-0120,CON-059,Client Workshop,150.3,Billable,Yes
TMS-001477,2023-08-01,PRJ-0120,CON-059,Delivery,77.9,Billable,Yes
TMS-001478,2023-08-01,PRJ-0120,CON-059,Delivery,107,Billable,Yes
TMS-001479,2023-09-01,PRJ-0120,CON-059,Sales Support,44.7,Non-Billable,Yes
TMS-001480,2023-10-01,PRJ-0120,CON-059,Sales Support,45.6,Non-Billable,Yes
TMS-001481,2023-06-01,PRJ-0121,CON-032,Delivery,11.3,Billable,Yes
TMS-001482,2023-05-01,PRJ-0121,CON-033,Admin,131.5,Non-Billable,Yes
TMS-001483,2023-04-01,PRJ-0121,CON-032,Admin,154.9,Non-Billable,Yes
TMS-001484,2023-04-01,PRJ-0121,CON-033,Delivery,169.8,Billable,Yes
TMS-001485,2023-03-01,PRJ-0121,CON-050,Internal Training,42.9,Non-Billable,Yes
TMS-001486,2023-05-01,PRJ-0121,CON-050,Analysis,147.7,Billable,Yes
TMS-001487,2023-05-01,PRJ-0121,CON-032,Delivery,45.1,Billable,Yes
TMS-001488,2023-02-01,PRJ-0121,CON-050,QA Review,23.3,Billable,Yes
TMS-001489,2023-07-01,PRJ-0121,CON-050,Delivery,56.6,Billable,Yes
TMS-001490,2023-04-01,PRJ-0121,CON-050,Analysis,22.7,Billable,Yes
TMS-001491,2023-04-01,PRJ-0121,CON-032,QA Review,194.6,Billable,Yes
TMS-001492,2023-05-01,PRJ-0121,CON-033,Delivery,55.6,Billable,Yes
TMS-001493,2023-07-01,PRJ-0121,CON-033,Client Workshop,161.6,Billable,Yes
TMS-001494,2023-06-01,PRJ-0121,CON-033,Delivery,147.2,Billable,Yes
TMS-001495,2023-04-01,PRJ-0121,CON-032,Sales Support,30.9,Non-Billable,Yes
TMS-001496,2023-04-01,PRJ-0121,CON-032,Delivery,95.2,Billable,Yes
TMS-001497,2023-05-01,PRJ-0121,CON-032,Delivery,164.3,Billable,Yes
TMS-001498,2023-03-01,PRJ-0121,CON-033,Internal Training,11.6,Non-Billable,Yes
TMS-001499,2024-03-01,PRJ-0122,CON-066,Analysis,100.4,Billable,Yes
TMS-001500,2024-03-01,PRJ-0122,CON-074,Client Workshop,40.9,,Yes
TMS-001501,2024-03-01,PRJ-0122,CON-074,Admin,27.7,Non-Billable,Yes
TMS-001502,2024-03-01,PRJ-0122,CON-066,Delivery,16.2,Billable,Yes
TMS-001503,2024-08-01,PRJ-0123,CON-060,Admin,159.9,Non-Billable,Yes
TMS-001504,2024-09-01,PRJ-0123,CON-060,Delivery,50.2,Billable,Yes
TMS-001505,2024-09-01,PRJ-0123,CON-059,Delivery,28.2,,Yes
TMS-001506,2024-09-01,PRJ-0123,CON-064,Sales Support,14.3,Non-Billable,No
TMS-001507,2025-12-01,PRJ-0124,CON-022,QA Review,84.2,Billable,Yes
TMS-001508,2025-11-01,PRJ-0124,CON-022,QA Review,18.7,Billable,Yes
TMS-001509,2025-10-01,PRJ-0124,CON-028,Client Workshop,186.3,Billable,Yes
TMS-001510,2025-07-01,PRJ-0124,CON-022,Delivery,98,Billable,Yes
TMS-001511,2025-07-01,PRJ-0124,CON-022,Analysis,154.8,Billable,Yes
TMS-001512,2025-09-01,PRJ-0124, CON-022,Delivery,155.7,Billable,Yes
TMS-001513,2025-07-01,PRJ-0124,CON-022,Delivery,118.4,Billable,Yes
TMS-001514,2025-12-01,PRJ-0124,CON-028,Analysis,175.6,Billable,Yes
TMS-001515,2025-12-01,PRJ-0124,CON-028,Delivery,147.5,Billable,Yes
TMS-001516,2025-09-01,PRJ-0124,CON-022,Delivery,37.1,Billable,Yes
TMS-001517,2025-02-01,PRJ-0125,CON-014,Analysis,56.8,,Yes
TMS-001518,2025-03-01,PRJ-0125,CON-066,Sales Support,192.4,Non-Billable,Yes
TMS-001519,2025-03-01,PRJ-0125,CON-015,Delivery,58.1,Billable,Yes
TMS-001520,2025-03-01,PRJ-0125,CON-014,Delivery,18.9,Billable,Yes
TMS-001521,2023-07-01,PRJ-0126,CON-010,Delivery,151.7,Billable,Yes
TMS-001522,2023-03-01,PRJ-0126,CON-041,Delivery,84.5,Billable,Yes
TMS-001523,2023-05-01,PRJ-0126,CON-022,Delivery,105.4,Billable,Yes
TMS-001524,2023-05-01,PRJ-0126,CON-074,Delivery,130.4,Billable,Yes
TMS-001525,2023-06-01,PRJ-0126,CON-010,Analysis,20.1,Billable,Yes
TMS-001526,2023-06-01,PRJ-0126,CON-074,Analysis,2,Billable,Yes
TMS-001527,2023-05-01,PRJ-0126,CON-022,Analysis,2,Billable,Yes
TMS-001528,2023-05-01,PRJ-0127,CON-052,Delivery,164.5,,Yes
TMS-001529,2023-07-01,PRJ-0127,CON-052,Analysis,100.2,Billable,Yes
TMS-001530,2023-08-01,prj-0127 ,CON-077,Analysis,160.2,Billable,Yes
TMS-001531,2023-06-01,PRJ-0127,CON-019,QA Review,198.5,Billable,Yes
TMS-001532,2023-07-01,PRJ-0127,CON-052,Analysis,27.7,Billable,Yes
TMS-001533,2023-07-01, PRJ-0127 ,CON-077,Analysis,192.6,Billable,Yes
TMS-001534,2023-08-01,PRJ-0127,CON-077,Sales Support,114.7,Non-Billable,Yes
TMS-001535,2023-07-01,PRJ-0127,CON-019,Delivery,30.3,Billable,Yes
TMS-001536,2023-07-01,PRJ-0127,CON-077,Client Workshop,109,Billable,Yes
TMS-001537,2023-08-01,PRJ-0127,CON-019,Delivery,178.4,Billable,Yes
TMS-001538,2023-08-01,PRJ-0127,CON-052,Sales Support,199,Non-Billable,Yes
TMS-001539,2023-10-01,PRJ-0128,CON-013,Sales Support,96,Non-Billable,Yes
TMS-001540,2023-09-01,PRJ-0128,CON-057,QA Review,47.7,Billable,Yes
TMS-001541,2023-11-01,prj-0128,CON-013,Delivery,81.3,Billable,Yes
TMS-001542,2023-10-01,PRJ-0128,CON-065,Analysis,15.4,Billable,Yes
TMS-001543,2023-10-01,PRJ-0128,CON-057,Client Workshop,167.9,Billable,Yes
TMS-001544,2023-11-01,PRJ-0128,CON-057,Analysis,56.3,,No
TMS-001545,2023-12-01,PRJ-0128,CON-013,Analysis,107.9,Billable,Yes
TMS-001546,2023-10-01,PRJ-0128,CON-013,Delivery,164.1,Billable,Yes
TMS-001547,2023-09-01,PRJ-0128,CON-013,Delivery,177.8,Billable,Yes
TMS-001548,2023-12-01,PRJ-0128,CON-065,Delivery,16.1,Billable,Yes
TMS-001549,2023-12-01,PRJ-0128,CON-013,Delivery,42.5,Billable,Yes
TMS-001550,2023-11-01,PRJ-0128,CON-057,Delivery,49.6,Billable,Yes
TMS-001551,2023-09-01,PRJ-0128,CON-013,Sales Support,130.6,Non-Billable,Yes
TMS-001552,2023-11-01,PRJ-0129,CON-007,Delivery,104.4,Billable,Yes
TMS-001553,2023-12-01,PRJ-0129,CON-007,Analysis,92.1,Billable,Yes
TMS-001554,2024-02-01,PRJ-0129,CON-038,Internal Training,153.1,Non-Billable,Yes
TMS-001555,2024-01-01,PRJ-0129,CON-006,Delivery,189.8,Billable,Yes
TMS-001556,2023-12-01,PRJ-0129,CON-006,Delivery,188.5,Billable,Yes
TMS-001557,2024-01-01,PRJ-0129,CON-007,Delivery,108.3,Billable,Yes
TMS-001558,2025-09-01,PRJ-0130,CON-074,Delivery,183.1,Billable,Yes
TMS-001559,2025-10-01,PRJ-0130,CON-036,Analysis,73.4,Billable,Yes
TMS-001560,2025-11-01,PRJ-0130,CON-036,Delivery,68.8,Billable,Yes
TMS-001561,2025-12-01,PRJ-0130,CON-074,Delivery,195.4,Billable,Yes
TMS-001562,2025-10-01,PRJ-0130,CON-074,Analysis,197.9,Billable,Yes
TMS-001563,2025-11-01,PRJ-0130,CON-074,Delivery,19.7,Billable,Yes
TMS-001564,2025-11-01,PRJ-0130,CON-074,Sales Support,37.5,,Yes
TMS-001565,2025-09-01,PRJ-0130,CON-036,QA Review,21.9,Billable,Yes
TMS-001566,2025-09-01,PRJ-0131,CON-033,Client Workshop,108.9,Billable,Yes
TMS-001567,2025-10-01,PRJ-0131,CON-026,Analysis,43.5,Billable,Yes
TMS-001568,2025-10-01,PRJ-0131,CON-026,QA Review,38.3,Billable,Yes
TMS-001569,2025-10-01,PRJ-0131,CON-026,Delivery,18.6,Billable,Yes
TMS-001570,2024-08-01,PRJ-0132,CON-039,Analysis,88,Billable,Yes
TMS-001571,2024-10-01,PRJ-0132,CON-015,Analysis,164.8,Billable,Yes
TMS-001572,2024-09-01,PRJ-0132,CON-015,Admin,35.5,Non-Billable,Yes
TMS-001573,2024-10-01,PRJ-0132,CON-039,Delivery,87,Billable,Yes
TMS-001574,2024-10-01,PRJ-0132,CON-015,Delivery,20.1,,Yes
TMS-001575,2024-09-01,PRJ-0132,CON-015,Delivery,20.8,Billable,Yes
TMS-001576,2025-05-01,PRJ-0133,CON-048,Delivery,115.6,Billable,Yes
TMS-001577,2025-06-01,PRJ-0133,CON-042,Delivery,129.7,Billable,Yes
TMS-001578,2025-06-01,PRJ-0133,CON-048,Delivery,99.8,Billable,Yes
TMS-001579,2025-06-01,PRJ-0133,CON-042,Client Workshop,77.9,Billable,Yes
TMS-001580,2025-05-01,PRJ-0133,CON-042,Delivery,38.6,Billable,Yes
TMS-001581,2025-05-01,PRJ-0133,CON-042,Delivery,81.4,Billable,Yes
TMS-001582,2025-05-01,PRJ-0133,CON-048,Delivery,112.7,Billable,Yes
TMS-001583,2025-06-01,PRJ-0133,CON-048,Delivery,61.6,Billable,Yes
TMS-001584,2025-05-01,PRJ-0133,CON-042,Analysis,14.5,Billable,Yes
TMS-001585,2025-05-01,PRJ-0133,CON-006,Delivery,30,Billable,Yes
TMS-001586,2024-10-01,PRJ-0134,CON-059,Sales Support,169,Non-Billable,Yes
TMS-001587,2024-11-01,PRJ-0134,CON-067,Client Workshop,194.6,Billable,Yes
TMS-001588,2024-09-01,PRJ-0134,CON-059,Delivery,59.4,Billable,Yes
TMS-001589,2024-09-01,PRJ-0134,CON-059,Client Workshop,173,Billable,Yes
TMS-001590,2024-09-01,PRJ-0134,CON-067,Client Workshop,46.5,Billable,Yes
TMS-001591,2024-11-01,PRJ-0134,CON-067,Internal Training,110.6,Non-Billable,Yes
TMS-001592,2024-08-01,PRJ-0134,CON-067,Delivery,97.8,Billable,Yes
TMS-001593,2024-11-01,PRJ-0134,CON-067,Client Workshop,102.9,Billable,Yes
TMS-001594,2024-09-01,PRJ-0134,CON-067,Delivery,159.3,Billable,Yes
TMS-001595,2024-08-01,PRJ-0134,CON-059,Delivery,183,Billable,Yes
TMS-001596,2024-12-01,PRJ-0134,CON-067,Analysis,146.2,Billable,Yes
TMS-001597,2024-08-01,PRJ-0134,CON-067,Delivery,189.1,Billable,Yes
TMS-001598,2024-09-01,PRJ-0134,CON-067,Delivery,10,Billable,No
TMS-001599,2024-08-01,PRJ-0134,CON-067,Delivery,93,Billable,Yes
TMS-001600,2024-03-01,PRJ-0135,CON-071,Delivery,109.2,Billable,Yes
TMS-001601,2024-04-01,PRJ-0135,CON-022,Sales Support,136.4,Non-Billable,Yes
TMS-001602,2024-03-01,PRJ-0135,CON-071,QA Review,106.4,Billable,Yes
TMS-001603,2024-03-01,PRJ-0135,CON-014,Delivery,97.5,Billable,No
TMS-001604,2024-03-01,PRJ-0135,CON-071,Delivery,73.5,Billable,Yes
TMS-001605,2024-04-01,PRJ-0135,CON-022,Delivery,193.2,Billable,Yes
TMS-001606,2024-05-01,PRJ-0135,CON-022,Client Workshop,22.3,Billable,Yes
TMS-001607,2024-04-01,PRJ-0135,CON-071,Analysis,20,Billable,Yes
TMS-001608,2024-09-01, PRJ-0136 ,CON-051,Analysis,114.3,Billable,Yes
TMS-001609,2024-09-01,PRJ-0136,CON-005,Client Workshop,65.6,Billable,Yes
TMS-001610,2024-08-01,PRJ-0136,CON-006,Delivery,47.1,Billable,Yes
TMS-001611,2024-08-01,PRJ-0136,CON-005,Delivery,80.1,Billable,Yes
TMS-001612,2024-09-01,PRJ-0136,CON-051,Admin,16.5,Non-Billable,Yes
TMS-001613,2024-09-01,PRJ-0136,CON-051,Analysis,58.6,Billable,Yes
TMS-001614,2024-07-01,PRJ-0136,CON-006,Analysis,28.9,Billable,Yes
TMS-001615,2024-09-01,PRJ-0137,CON-029,Delivery,94.9,Billable,Yes
TMS-001616,2024-08-01,PRJ-0137,CON-011,QA Review,10.8,Billable,Yes
TMS-001617,2024-08-01,PRJ-0137,CON-011,Analysis,76.7,Billable,Yes
TMS-001618,2024-09-01,PRJ-0137,CON-029,Client Workshop,12,Billable,Yes
TMS-001619,2024-08-01,PRJ-0137,CON-029,Delivery,53.8,Billable,Yes
TMS-001620,2024-07-01,PRJ-0137,CON-078,Delivery,66.6,Billable,Yes
TMS-001621,2024-10-01,PRJ-0137,CON-078,Admin,144.6,Non-Billable,Yes
TMS-001622,2024-08-01,PRJ-0137,CON-029,Delivery,121.2,Billable,Yes
TMS-001623,2024-09-01,PRJ-0137,CON-078,QA Review,27.9,Billable,Yes
TMS-001624,2024-10-01,PRJ-0137,CON-011,Analysis,138.4,Billable,Yes
TMS-001625,2024-08-01,PRJ-0137,CON-078,Sales Support,84.4,Non-Billable,Yes
TMS-001626,2024-10-01,PRJ-0137,CON-029,Client Workshop,43.9,Billable,Yes
TMS-001627,2024-09-01,PRJ-0137,CON-029,Delivery,84.3,Billable,Yes
TMS-001628,2024-08-01,PRJ-0137,CON-011,Delivery,50.6,Billable,Yes
TMS-001629,2024-08-01,PRJ-0137,CON-029,Analysis,162,Billable,Yes
TMS-001630,2024-07-01,PRJ-0137,CON-078,Analysis,187.8,Billable,Yes
TMS-001631,2024-08-01,PRJ-0137,CON-029,Delivery,132.6,Billable,Yes
TMS-001632,2024-09-01,PRJ-0137,CON-029,QA Review,99.6,Billable,Yes
TMS-001633,2024-09-01,PRJ-0138,CON-071,Delivery,50.5,Billable,Yes
TMS-001634,2024-10-01,PRJ-0138,CON-036,Delivery,117.5,Billable,Yes
TMS-001635,2024-09-01,PRJ-0138,CON-071,Analysis,72.4,Billable,Yes
TMS-001636,2024-10-01,PRJ-0138,CON-071,Delivery,103.6,Billable,Yes
TMS-001637,2024-10-01,PRJ-0138,CON-071,Client Workshop,38,Billable,Yes
TMS-001638,2024-09-01,PRJ-0138,CON-036,Client Workshop,95.2,Billable,Yes
TMS-001639,2024-10-01,PRJ-0138,CON-071,Client Workshop,36.7,Billable,Yes
TMS-001640,2024-08-01,PRJ-0138,CON-036,Delivery,67.1,Billable,Yes
TMS-001641,2024-09-01,PRJ-0138,CON-071,Analysis,129.1,Billable,Yes
TMS-001642,2024-10-01,PRJ-0138,CON-036,Analysis,8.9,Billable,Yes
TMS-001643,2024-01-01,PRJ-0139,CON-069,Client Workshop,97.4,Billable,Yes
TMS-001644,2024-05-01,PRJ-0139,CON-016,Delivery,98,Billable,Yes
TMS-001645,2024-06-01,PRJ-0139,CON-069,Delivery,117.1,Billable,Yes
TMS-001646,2024-04-01,PRJ-0139,CON-069,Delivery,188.5,Billable,Yes
TMS-001647,2024-03-01,PRJ-0139,CON-069,Delivery,173.1,Billable,Yes
TMS-001648,2024-05-01,PRJ-0139,CON-069,Sales Support,16,Non-Billable,Yes
TMS-001649,2024-05-01,PRJ-0139,CON-069,Delivery,141.9,Billable,Yes
TMS-001650,2023-12-01,PRJ-0139,CON-069,Delivery,101.8,,Yes
TMS-001651,2024-04-01,PRJ-0139,CON-016,Sales Support,176.3,Non-Billable,Yes
TMS-001652,2024-01-01,PRJ-0139,CON-069 ,Analysis,124.4,Billable,Yes
TMS-001653,2025-10-01,PRJ-0140,CON-059,Delivery,195.2,Billable,Yes
TMS-001654,2025-11-01,PRJ-0140,CON-055,Analysis,152,Billable,Yes
TMS-001655,2025-12-01,PRJ-0140,CON-055,Delivery,37.7,Billable,Yes
TMS-001656,2025-11-01,PRJ-0140 ,CON-055,Client Workshop,25.5,Billable,Yes
TMS-001657,2025-10-01,PRJ-0140,CON-055,Analysis,17.4,Billable,Yes
TMS-001658,2025-11-01,PRJ-0141,CON-009,Client Workshop,51.8,Billable,Yes
TMS-001659,2025-10-01,PRJ-0141,CON-053,Analysis,97.7,,Yes
TMS-001660,2025-12-01,PRJ-0141,CON-056,Delivery,45.3,Billable,Yes
TMS-001661,2025-10-01,PRJ-0141,CON-053,Sales Support,79.1,Non-Billable,Yes
TMS-001662,2025-12-01,PRJ-0141,CON-053,Client Workshop,112.6,Billable,Yes
TMS-001663,2025-11-01,PRJ-0141,CON-009,Delivery,36.6,Billable,Yes
TMS-001664,2025-10-01,PRJ-0141,CON-009,Analysis,38.9,Billable,Yes
TMS-001665,2025-10-01,PRJ-0141,CON-009,Analysis,172.3,Billable,Yes
TMS-001666,2025-11-01,PRJ-0141, CON-053 ,Sales Support,13.4,Non-Billable,Yes
TMS-001667,2025-11-01,PRJ-0141,CON-009,Delivery,152.2,Billable,Yes
TMS-001668,2025-11-01,PRJ-0141,CON-009,Client Workshop,12.6,Billable,Yes
TMS-001669,2025-12-01,PRJ-0141,CON-009,Delivery,101.5,Billable,Yes
TMS-001670,2025-11-01,PRJ-0141,CON-009,QA Review,179.5,Billable,Yes
TMS-001671,2025-12-01,PRJ-0141,CON-009,Client Workshop,55,Billable,Yes
TMS-001672,2025-10-01,PRJ-0141,CON-056,Admin,43.2,Non-Billable,Yes
TMS-001673,2025-11-01,PRJ-0141,CON-009,Internal Training,124.6,Non-Billable,Yes
TMS-001674,2025-10-01,PRJ-0141,CON-009,Delivery,99.6,Billable,Yes
TMS-001675,2025-12-01,PRJ-0141,CON-056,Analysis,64.7,Billable,Yes
TMS-001676,2025-10-01,PRJ-0141,CON-056,Delivery,24.3,Billable,Yes
TMS-001677,2024-03-01,PRJ-0142,CON-004,Analysis,126.3,Billable,Yes
TMS-001678,2024-03-01,PRJ-0142,CON-054,Delivery,48.9,Billable,Yes
TMS-001679,2024-04-01,PRJ-0142,CON-073,Delivery,15.3,Billable,Yes
TMS-001680,2024-05-01,PRJ-0142,CON-004,Internal Training,82.5,,Yes
TMS-001681,2024-06-01,PRJ-0142,CON-004,Delivery,123.9,Billable,Yes
TMS-001682,2024-01-01,PRJ-0142,CON-004,Analysis,96.3,Billable,Yes
TMS-001683,2024-03-01,PRJ-0142,CON-073,Client Workshop,23,Billable,Yes
TMS-001684,2025-09-01,PRJ-0143, CON-072,QA Review,39.1,Billable,Yes
TMS-001685,2025-10-01,PRJ-0143,CON-019 ,Delivery,134.7,Billable,Yes
TMS-001686,2025-08-01,PRJ-0143,CON-019,Delivery,177.6,Billable,Yes
TMS-001687,2025-10-01,PRJ-0143,CON-072,Delivery,86.9,Billable,Yes
TMS-001688,2025-09-01,PRJ-0143, CON-012,Delivery,13,Billable,Yes
TMS-001689,2025-09-01,PRJ-0143,CON-006,Delivery,76.6,Billable,Yes
TMS-001690,2025-08-01,PRJ-0143,CON-019,Sales Support,93.1,Non-Billable,Yes
TMS-001691,2025-08-01,PRJ-0143,CON-019,QA Review,122.6,,Yes
TMS-001692,2025-10-01,PRJ-0143,CON-072,Delivery,59.7,Billable,Yes
TMS-001693,2025-10-01,PRJ-0143,CON-072,Delivery,61.9,Billable,No
TMS-001694,2025-09-01,PRJ-0143,CON-012,Analysis,33.1,Billable,Yes
TMS-001695,2025-09-01,PRJ-0143,CON-072,QA Review,14,Billable,Yes
TMS-001696,2025-09-01,PRJ-0143,CON-006,Delivery,61.4,Billable,Yes
TMS-001697,2025-09-01,PRJ-0143,CON-012,Delivery,60.2,Billable,Yes
TMS-001698,2025-08-01,PRJ-0143,CON-006,Sales Support,148.2,Non-Billable,Yes
TMS-001699,2025-09-01,PRJ-0143,CON-006,Client Workshop,106.9,Billable,Yes
TMS-001700,2025-10-01,PRJ-0143,CON-012,Delivery,36.9,Billable,Yes
TMS-001701,2025-09-01,PRJ-0143,CON-072,QA Review,179.1,Billable,Yes
TMS-001702,2025-09-01,PRJ-0143,CON-012,Analysis,10.3,Billable,Yes
TMS-001703,2025-10-01,PRJ-0143, CON-012,Analysis,18,Billable,Yes
TMS-001704,2025-10-01,PRJ-0143,CON-072,Analysis,30.8,Billable,Yes
TMS-001705,2025-09-01,PRJ-0143,CON-072,QA Review,7.5,Billable,Yes
TMS-001706,2025-09-01,PRJ-0143,CON-019,Analysis,2,Billable,Yes
TMS-001707,2025-10-01,PRJ-0143,CON-006,Delivery,2,Billable,Yes
TMS-001708,2025-09-01,PRJ-0143,CON-006,Sales Support,2,Non-Billable,Yes
TMS-001709,2025-10-01,PRJ-0143,CON-012,Delivery,2,Billable,Yes
TMS-001710,2025-09-01,PRJ-0143,CON-019,Analysis,2,Billable,Yes
TMS-001711,2025-09-01,PRJ-0143,CON-072,Delivery,2,Billable,Yes
TMS-001712,2025-09-01,PRJ-0143,CON-072,Sales Support,2,Non-Billable,Yes
TMS-001713,2025-09-01,PRJ-0143,CON-019,Analysis,2,Billable,Yes
TMS-001714,2023-11-01, PRJ-0144 ,CON-040,Analysis,140.6,Billable,Yes
TMS-001715,2024-01-01,PRJ-0144,CON-040,Analysis,89.3,Billable,Yes
TMS-001716,2023-10-01,PRJ-0144,CON-059,Internal Training,148.4,Non-Billable,Yes
TMS-001717,2024-01-01,PRJ-0144,CON-040,Analysis,127.7,Billable,Yes
TMS-001718,2023-10-01,PRJ-0144,CON-059,Delivery,116.5,Billable,Yes
TMS-001719,2023-12-01,PRJ-0144,CON-059,Sales Support,10.3,Non-Billable,Yes
TMS-001720,2023-12-01,PRJ-0144,CON-059,Client Workshop,138.9,Billable,Yes
TMS-001721,2023-12-01,PRJ-0144,CON-040,Delivery,152.5,Billable,Yes
TMS-001722,2023-12-01,PRJ-0144,CON-059,Delivery,176.6,Billable,Yes
TMS-001723,2024-01-01,PRJ-0144,CON-059,Analysis,48.7,Billable,Yes
TMS-001724,2023-12-01,PRJ-0144,CON-059,Delivery,45.4,Billable,No
TMS-001725,2023-10-01,PRJ-0144,CON-059,QA Review,35.5,Billable,Yes
TMS-001726,2023-10-01,PRJ-0144,CON-040,Delivery,190.5,Billable,Yes
TMS-001727,2023-11-01,PRJ-0144,CON-059,Admin,39.4,Non-Billable,Yes
TMS-001728,2023-12-01,PRJ-0144,CON-040,Analysis,157.6,Billable,Yes
TMS-001729,2024-01-01,PRJ-0144,CON-040,Delivery,4.9,,Yes
TMS-001730,2025-06-01,PRJ-0145,CON-069,Delivery,150.5,Billable,Yes
TMS-001731,2025-03-01,PRJ-0145,CON-069,Client Workshop,52.2,Billable,Yes
TMS-001732,2025-06-01,PRJ-0145,CON-069,Client Workshop,28.2,Billable,Yes
TMS-001733,2025-06-01,PRJ-0145,CON-054,Admin,57.6,Non-Billable,Yes
TMS-001734,2025-06-01,PRJ-0145,CON-054,Delivery,95.2,Billable,Yes
TMS-001735,2025-02-01,PRJ-0145,CON-069,Delivery,14.1,Billable,Yes
TMS-001736,2025-07-01,PRJ-0145,CON-054,Analysis,23.7,Billable,Yes
TMS-001737,2025-03-01,PRJ-0145,CON-069,Delivery,2,Billable,Yes
TMS-001738,2025-07-01,PRJ-0145,CON-054,Client Workshop,2,Billable,Yes
TMS-001739,2023-03-01,PRJ-0146,CON-001,Client Workshop,110.4,Billable,Yes
TMS-001740,2023-01-01,PRJ-0146,CON-001,Sales Support,154.3,Non-Billable,Yes
TMS-001741,2025-01-01,PRJ-0147,CON-075,Analysis,166.4,Billable,Yes
TMS-001742,2024-11-01,PRJ-0147,CON-075,Analysis,88.7,Billable,Yes
TMS-001743,2024-12-01,PRJ-0147,CON-075,Delivery,19.9,Billable,No
TMS-001744,2024-11-01, PRJ-0147,CON-017,Delivery,189.3,Billable,Yes
TMS-001745,2024-12-01,PRJ-0147,CON-073,Delivery,159,Billable,Yes
TMS-001746,2024-11-01,PRJ-0147,CON-073,Delivery,136.5,Billable,Yes
TMS-001747,2024-11-01,PRJ-0147,CON-032,Admin,30.6,Non-Billable,Yes
TMS-001748,2023-10-01,PRJ-0148,CON-047,Sales Support,117.9,Non-Billable,Yes
TMS-001749,2023-11-01,PRJ-0148,CON-047,Delivery,100.3,Billable,Yes
TMS-001750,2023-08-01,PRJ-0148,CON-047,Sales Support,167.9,Non-Billable,Yes
TMS-001751,2023-11-01,PRJ-0148,CON-057,Client Workshop,143,Billable,Yes
TMS-001752,2023-10-01,PRJ-0148,CON-057,Client Workshop,60,Billable,Yes
TMS-001753,2023-09-01,PRJ-0148,CON-047,Analysis,179.3,Billable,Yes
TMS-001754,2023-06-01,PRJ-0148,CON-047,Delivery,39.7,Billable,Yes
TMS-001755,2023-09-01,PRJ-0148,CON-047,Delivery,108.4,Billable,Yes
TMS-001756,2023-10-01,PRJ-0148,CON-057,Analysis,100,Billable,Yes
TMS-001757,2023-08-01,PRJ-0148,CON-057,Sales Support,94.7,Non-Billable,Yes
TMS-001758,2023-12-01,prj-0148 ,CON-047,Analysis,113.1,Billable,Yes
TMS-001759,2023-06-01,PRJ-0148,CON-057,Delivery,34.3,Billable,Yes
TMS-001760,2023-11-01,PRJ-0148,CON-047,Delivery,197,Billable,Yes
TMS-001761,2023-11-01,PRJ-0148,CON-047,Delivery,68.7,Billable,Yes
TMS-001762,2023-07-01,PRJ-0148,CON-047,Client Workshop,143.8,,Yes
TMS-001763,2023-08-01,PRJ-0148,CON-057,Delivery,153.2,Billable,Yes
TMS-001764,2023-11-01,PRJ-0148,CON-047,Delivery,13.9,Billable,Yes
TMS-001765,2023-10-01,PRJ-0148,CON-057,Delivery,110.7,Billable,Yes
TMS-001766,2023-08-01,PRJ-0148,CON-057,Analysis,183.4,Billable,Yes
TMS-001767,2023-06-01,PRJ-0148,CON-047,Analysis,108.8,Billable,Yes
TMS-001768,2023-09-01,PRJ-0148,CON-057,Delivery,177.1,Billable,Yes
TMS-001769,2023-06-01,PRJ-0148,CON-047,Delivery,127.5,,Yes
TMS-001770,2025-07-01,PRJ-0149,CON-059,Client Workshop,111.5,Billable,Yes
TMS-001771,2025-05-01,PRJ-0149,CON-059,Client Workshop,33.5,Billable,Yes
TMS-001772,2025-06-01,PRJ-0149, CON-034,Client Workshop,125.2,Billable,Yes
TMS-001773,2025-06-01,PRJ-0149,CON-059,Analysis,114.2,Billable,Yes
TMS-001774,2025-06-01,PRJ-0149,CON-059,Sales Support,113.5,Non-Billable,Yes
TMS-001775,2025-05-01,PRJ-0149,CON-059,Sales Support,20.3,Non-Billable,Yes
TMS-001776,2025-07-01,PRJ-0149,CON-059,Analysis,35.9,Billable,Yes
TMS-001777,2025-05-01,PRJ-0149,CON-034,Analysis,116.2,Billable,Yes
TMS-001778,2025-07-01,PRJ-0149,CON-034,Delivery,188.1,Billable,Yes
TMS-001779,2025-05-01,PRJ-0149,CON-030,Sales Support,164,Non-Billable,Yes
TMS-001780,2025-06-01,PRJ-0149,CON-059,Admin,139.9,Non-Billable,Yes
TMS-001781,2025-07-01,PRJ-0149,CON-030,Delivery,94.4,Billable,Yes
TMS-001782,2025-06-01,PRJ-0149,CON-030,Delivery,136.7,Billable,Yes
TMS-001783,2025-07-01,PRJ-0149,CON-030,Admin,16.9,Non-Billable,Yes
TMS-001784,2024-03-01,PRJ-0150,CON-003,Delivery,176.6,Billable,Yes
TMS-001785,2024-07-01,PRJ-0150,CON-003,QA Review,169.6,Billable,Yes
TMS-001786,2024-05-01,PRJ-0150,CON-006,Delivery,24.1,Billable,Yes
TMS-001787,2024-03-01,PRJ-0150,CON-003,Delivery,32.8,Billable,No
TMS-001788,2024-07-01,PRJ-0150,CON-006,Delivery,189.6,Billable,Yes
TMS-001789,2024-04-01,prj-0150 ,CON-003,Analysis,115.4,Billable,Yes
TMS-001790,2024-09-01,PRJ-0150,CON-006,Delivery,94.2,Billable,Yes
TMS-001791,2024-03-01,PRJ-0150,CON-003,Delivery,62.3,Billable,Yes
TMS-001792,2024-08-01,PRJ-0150,CON-003,QA Review,17.1,Billable,No
TMS-001793,2024-03-01,PRJ-0150,CON-006,Delivery,148.1,Billable,Yes
TMS-001794,2024-08-01,PRJ-0150,CON-003,Delivery,11.9,Billable,Yes
TMS-001795,2024-06-01,PRJ-0150,CON-006,QA Review,120.6,Billable,Yes
TMS-001796,2024-04-01,PRJ-0150,CON-006,QA Review,99.7,Billable,Yes
TMS-001797,2024-06-01,PRJ-0150,CON-003,QA Review,94.9,Billable,Yes
TMS-001798,2024-05-01,PRJ-0150,CON-006,Delivery,125.2,Billable,Yes
TMS-001799,2024-05-01,PRJ-0150,CON-006,Analysis,61.8,Billable,Yes
TMS-001800,2024-08-01,PRJ-0150,CON-003,Delivery,79.9,Billable,Yes
TMS-001801,2024-06-01,PRJ-0150,CON-003,Delivery,39.1,,Yes
TMS-001802,2024-04-01,PRJ-0150,CON-003,Delivery,40.6,,Yes
TMS-001803,2024-08-01,PRJ-0150,CON-003,Delivery,54.2,Billable,Yes
TMS-001804,2024-05-01,PRJ-0150,CON-003,Delivery,98.7,Billable,Yes
TMS-001805,2025-08-01,PRJ-0151,CON-042,Delivery,199.8,Billable,Yes
TMS-001806,2025-07-01,PRJ-0151,CON-080,Delivery,131.9,Billable,Yes
TMS-001807,2025-10-01,PRJ-0151,CON-048,Sales Support,116.2,Non-Billable,Yes
TMS-001808,2025-08-01,PRJ-0151,CON-048,Delivery,55.8,Billable,Yes
TMS-001809,2025-09-01,PRJ-0151,CON-048,Delivery,127.2,Billable,Yes
TMS-001810,2025-06-01,PRJ-0151,CON-042,Delivery,109,Billable,Yes
TMS-001811,2025-06-01,PRJ-0151,CON-042,Delivery,63.4,Billable,Yes
TMS-001812,2025-09-01,PRJ-0151,CON-042,Client Workshop,16.6,Billable,No
TMS-001813,2025-09-01,PRJ-0151,CON-042,Delivery,124.8,Billable,Yes
TMS-001814,2025-04-01,PRJ-0151,CON-042,Client Workshop,40.5,Billable,Yes
TMS-001815,2025-09-01,PRJ-0151,CON-042,Delivery,34.6,Billable,Yes
TMS-001816,2023-08-01,PRJ-0152,CON-032,Client Workshop,20.1,Billable,Yes
TMS-001817,2023-07-01,PRJ-0152,CON-054,Delivery,34.1,Billable,Yes
TMS-001818,2023-07-01,PRJ-0152,CON-054,Delivery,48.8,Billable,Yes
TMS-001819,2023-07-01,PRJ-0152,CON-054,Analysis,18,Billable,Yes
TMS-001820,2023-08-01,PRJ-0152,CON-032,Analysis,56.1,Billable,Yes
TMS-001821,2023-08-01,PRJ-0152,CON-054,Delivery,46,Billable,Yes
TMS-001822,2023-08-01,PRJ-0152,CON-032,QA Review,15,Billable,No
TMS-001823,2023-07-01,PRJ-0152,CON-032,Client Workshop,102.3,Billable,Yes
TMS-001824,2023-08-01,PRJ-0152,CON-050,Delivery,132.2,,Yes
TMS-001825,2023-08-01,PRJ-0152,CON-054,Delivery,13.4,Billable,Yes
TMS-001826,2023-08-01,PRJ-0152,CON-032,Sales Support,91.6,Non-Billable,Yes
TMS-001827,2023-08-01,PRJ-0152,CON-050,Analysis,32.2,Billable,Yes
TMS-001828,2023-07-01,PRJ-0152,CON-032,Delivery,21.9,Billable,No
TMS-001829,2023-08-01,PRJ-0153,CON-074,Sales Support,111.4,Non-Billable,Yes
TMS-001830,2023-06-01,PRJ-0153,CON-010,Delivery,171.4,Billable,Yes
TMS-001831,2023-07-01,PRJ-0153,CON-010,Delivery,21.5,Billable,Yes
TMS-001832,2023-06-01,PRJ-0153,CON-022,Delivery,47,Billable,Yes
TMS-001833,2023-09-01,PRJ-0153,CON-022,Delivery,43.1,Billable,Yes
TMS-001834,2023-03-01,PRJ-0154,CON-030,Delivery,129.6,Billable,Yes
TMS-001835,2023-03-01,PRJ-0154,CON-059,QA Review,83.9,Billable,Yes
TMS-001836,2023-04-01,PRJ-0154,CON-030,Sales Support,21.4,Non-Billable,Yes
TMS-001837,2023-10-01,PRJ-0155,CON-013,Client Workshop,197,Billable,Yes
TMS-001838,2023-07-01,PRJ-0155,CON-009,Delivery,46.3,Billable,Yes
TMS-001839,2023-11-01,PRJ-0155,CON-056,Analysis,52.5,Billable,Yes
TMS-001840,2023-08-01,PRJ-0155,CON-056,Delivery,175.3,Billable,Yes
TMS-001841,2023-10-01,PRJ-0155,CON-056,Analysis,83.8,Billable,Yes
TMS-001842,2023-08-01,PRJ-0155,CON-056,Client Workshop,112.8,Billable,Yes
TMS-001843,2023-07-01,PRJ-0155,CON-009,Analysis,44.8,Billable,Yes
TMS-001844,2023-09-01,PRJ-0155,CON-009,Analysis,28.4,Billable,Yes
TMS-001845,2023-09-01,PRJ-0155,CON-013,QA Review,85.8,,Yes
TMS-001846,2023-07-01,PRJ-0155,CON-056,Client Workshop,31.5,Billable,Yes
TMS-001847,2023-09-01,PRJ-0155,CON-013,Client Workshop,42.5,Billable,Yes
TMS-001848,2023-08-01,PRJ-0155,CON-056,Analysis,66.5,Billable,Yes
TMS-001849,2023-08-01,PRJ-0155,CON-013,Client Workshop,187.6,Billable,Yes
TMS-001850,2023-10-01,PRJ-0155,CON-013,QA Review,120.1,Billable,Yes
TMS-001851,2023-08-01,PRJ-0155,CON-056,Delivery,23.6,Billable,Yes
TMS-001852,2023-08-01,PRJ-0155,CON-013,Delivery,16.2,Billable,Yes
TMS-001853,2023-06-01,PRJ-0156, CON-057,Delivery,108.8,Billable,Yes
TMS-001854,2023-06-01,PRJ-0156,CON-057,Delivery,44.3,Billable,Yes
TMS-001855,2023-08-01,PRJ-0156,CON-057,Delivery,56.6,Billable,Yes
TMS-001856,2023-08-01,PRJ-0156,CON-057,Client Workshop,80.7,Billable,Yes
TMS-001857,2023-05-01,PRJ-0156,CON-070,Delivery,81.9,Billable,Yes
TMS-001858,2023-07-01,PRJ-0156,CON-002,Delivery,165.3,Billable,Yes
TMS-001859,2023-05-01,PRJ-0156,CON-057,Client Workshop,85.6,Billable,Yes
TMS-001860,2023-08-01,PRJ-0156,CON-057,Analysis,182.4,Billable,No
TMS-001861,2023-06-01,PRJ-0156,CON-057,Analysis,50.4,Billable,Yes
TMS-001862,2023-06-01,PRJ-0156,CON-057,Analysis,137.1,Billable,Yes
TMS-001863,2023-06-01,PRJ-0156,CON-002,Analysis,165.2,Billable,Yes
TMS-001864,2023-05-01,PRJ-0156,CON-057,Delivery,147.9,Billable,Yes
TMS-001865,2023-06-01,PRJ-0156,CON-070,Analysis,25.6,,Yes
TMS-001866,2023-06-01,PRJ-0156,CON-002,Analysis,60.3,Billable,Yes
TMS-001867,2023-05-01,PRJ-0156,CON-002,Analysis,31.9,Billable,Yes
TMS-001868,2023-05-01,PRJ-0156,CON-057,Client Workshop,20.5,Billable,Yes
TMS-001869,2023-06-01,PRJ-0156,CON-002,Delivery,75.2,,Yes
TMS-001870,2023-06-01,PRJ-0156,CON-057,Delivery,26.3,Billable,Yes
TMS-001871,2023-07-01,PRJ-0156,CON-070,Delivery,90.9,Billable,Yes
TMS-001872,2023-05-01,PRJ-0156,CON-057,Analysis,70.9,Billable,Yes
TMS-001873,2023-05-01,PRJ-0156,CON-057,Sales Support,44.8,Non-Billable,Yes
TMS-001874,2023-06-01,PRJ-0156,CON-070,Delivery,79.8,Billable,Yes
TMS-001875,2023-07-01,PRJ-0156,CON-057,Client Workshop,23.8,Billable,Yes
TMS-001876,2025-09-01,PRJ-0157,CON-059,Analysis,84.4,Billable,Yes
TMS-001877,2025-12-01,PRJ-0157,CON-059,Delivery,83.3,,Yes
TMS-001878,2025-09-01,PRJ-0157,CON-034,Delivery,18.2,Billable,Yes
TMS-001879,2025-10-01,PRJ-0157,CON-059,Delivery,146.5,Billable,Yes
TMS-001880,2025-11-01,PRJ-0157,CON-055,Delivery,130.3,Billable,Yes
TMS-001881,2025-10-01,PRJ-0157,CON-055,Sales Support,21.1,Non-Billable,Yes
TMS-001882,2025-10-01,PRJ-0157,CON-055,Delivery,33.7,Billable,Yes
TMS-001883,2023-11-01,PRJ-0158,CON-054,Delivery,162.3,Billable,Yes
TMS-001884,2023-12-01,PRJ-0158,CON-054,Analysis,90.4,Billable,Yes
TMS-001885,2023-11-01,PRJ-0158,CON-054,Delivery,12.5,Billable,No
TMS-001886,2023-02-01,PRJ-0159,CON-042,Client Workshop,27.7,Billable,Yes
TMS-001887,2023-02-01,PRJ-0159,CON-042,Analysis,28.3,Billable,Yes
TMS-001888,2023-02-01,PRJ-0159,CON-048,Client Workshop,50.3,Billable,Yes
TMS-001889,2023-07-01,PRJ-0159,CON-042,Admin,193,Non-Billable,Yes
TMS-001890,2023-06-01,PRJ-0159,CON-048,Delivery,44.2,Billable,No
TMS-001891,2023-06-01,PRJ-0159,CON-042,Delivery,18.5,Billable,Yes
TMS-001892,2023-02-01,PRJ-0159,CON-048,Internal Training,12.8,,Yes
TMS-001893,2023-04-01,PRJ-0159,CON-042,Client Workshop,20.8,Billable,Yes
TMS-001894,2023-03-01,PRJ-0159,CON-048,Client Workshop,119,Billable,Yes
TMS-001895,2023-03-01,PRJ-0159,CON-042,Delivery,141,Billable,Yes
TMS-001896,2023-02-01,PRJ-0159,CON-048,Delivery,58.4,Billable,Yes
TMS-001897,2023-06-01,PRJ-0159,CON-042,Delivery,77.6,Billable,Yes
TMS-001898,2023-06-01,PRJ-0159,CON-042,Analysis,119.3,Billable,Yes
TMS-001899,2023-02-01,PRJ-0159,CON-042,QA Review,180.8,Billable,Yes
TMS-001900,2023-04-01,PRJ-0159,CON-042,QA Review,151.5,Billable,Yes
TMS-001901,2023-06-01,PRJ-0159,CON-042,Client Workshop,72.3,Billable,Yes
TMS-001902,2023-02-01,PRJ-0159,CON-048,Analysis,124.4,Billable,Yes
TMS-001903,2023-06-01,PRJ-0159,CON-042,Delivery,43.2,Billable,Yes
TMS-001904,2023-02-01,PRJ-0159,CON-048,QA Review,122.5,Billable,Yes
TMS-001905,2023-07-01,PRJ-0159,CON-048,Analysis,54.1,Billable,Yes
TMS-001906,2023-04-01,PRJ-0159,CON-048,Client Workshop,27.4,Billable,Yes
TMS-001907,2023-04-01,PRJ-0159,CON-042 ,QA Review,89.8,Billable,Yes
TMS-001908,2023-02-01,PRJ-0159,CON-042,Delivery,120.8,Billable,Yes
TMS-001909,2023-02-01,PRJ-0159,CON-048,QA Review,137.4,Billable,Yes
TMS-001910,2023-04-01,PRJ-0159,CON-048,Sales Support,32.8,Non-Billable,Yes
TMS-001911,2025-06-01,PRJ-0160,CON-032,Client Workshop,25.7,Billable,Yes
TMS-001912,2025-06-01,PRJ-0160,CON-033,Delivery,188.6,Billable,Yes
TMS-001913,2025-06-01,PRJ-0160,CON-004,Delivery,114.4,Billable,Yes
TMS-001914,2025-08-01,PRJ-0160,CON-004,Delivery,19.2,Billable,No
TMS-001915,2025-06-01,PRJ-0160,CON-004,Delivery,21.5,Billable,Yes
TMS-001916,2025-06-01,PRJ-0160,CON-032,Admin,6.4,Non-Billable,Yes
TMS-001917,2025-05-01,PRJ-0160,CON-033,QA Review,2,Billable,Yes
TMS-001918,2025-06-01,PRJ-0160,CON-032,Admin,2,Non-Billable,Yes
TMS-001919,2025-06-01,PRJ-0160,CON-032,Delivery,2,Billable,Yes
TMS-001920,2025-07-01,prj-0160,CON-032,Delivery,2,,Yes
TMS-001921,2024-02-01,PRJ-0161,CON-004,Admin,94.7,Non-Billable,Yes
TMS-001922,2024-02-01,PRJ-0161,CON-033,Delivery,87.2,Billable,Yes
TMS-001923,2024-03-01,PRJ-0161,CON-033,Delivery,17.5,Billable,Yes
TMS-001924,2024-05-01,PRJ-0161,CON-004,Analysis,12.5,Billable,Yes
TMS-001925,2024-04-01,PRJ-0161,CON-033,Client Workshop,120.9,Billable,Yes
TMS-001926,2024-02-01,PRJ-0161,CON-004,Delivery,68.5,Billable,Yes
TMS-001927,2024-05-01,PRJ-0161,CON-004,Delivery,145.6,Billable,Yes
TMS-001928,2024-04-01,PRJ-0161,CON-033,Delivery,49,Billable,Yes
TMS-001929,2024-06-01,PRJ-0161,CON-004,Delivery,59.9,Billable,Yes
TMS-001930,2024-03-01,PRJ-0161,CON-033,Client Workshop,153.3,Billable,Yes
TMS-001931,2024-06-01,PRJ-0161,CON-033,Analysis,171.4,Billable,Yes
TMS-001932,2024-06-01,PRJ-0161,CON-033,Delivery,32.2,Billable,Yes
TMS-001933,2024-02-01,PRJ-0161,CON-004,Analysis,18.9,Billable,Yes
TMS-001934,2024-01-01,PRJ-0162,con-001 ,Sales Support,186.5,Non-Billable,Yes
TMS-001935,2023-09-01,PRJ-0162,CON-001,Analysis,56.9,Billable,Yes
TMS-001936,2023-10-01,PRJ-0162,CON-048,Analysis,16.3,Billable,Yes
TMS-001937,2023-10-01,PRJ-0162,CON-001,Delivery,18.5,Billable,Yes
TMS-001938,2025-09-01,PRJ-0163,CON-056,Sales Support,146.4,Non-Billable,Yes
TMS-001939,2025-06-01,PRJ-0163,CON-070,Delivery,97.9,Billable,Yes
TMS-001940,2025-07-01,PRJ-0163,CON-056,Sales Support,60.2,Non-Billable,Yes
TMS-001941,2025-09-01,PRJ-0163,CON-056,Client Workshop,173.4,Billable,Yes
TMS-001942,2025-09-01,PRJ-0163,CON-070,Analysis,76.7,Billable,Yes
TMS-001943,2025-10-01,PRJ-0163,CON-056,Delivery,17.7,Billable,Yes
TMS-001944,2025-08-01,PRJ-0163,CON-070,Delivery,139.9,Billable,Yes
TMS-001945,2025-09-01,PRJ-0163,CON-056,Sales Support,26.8,Non-Billable,Yes
TMS-001946,2025-11-01,PRJ-0163,CON-070,Delivery,30.4,Billable,Yes
TMS-001947,2025-10-01,PRJ-0163,CON-070,Delivery,110.2,Billable,Yes
TMS-001948,2025-08-01,PRJ-0163,CON-056,Delivery,158.5,Billable,Yes
TMS-001949,2025-11-01,PRJ-0163,CON-056,Client Workshop,196.7,Billable,Yes
TMS-001950,2025-09-01,PRJ-0163,CON-070,Delivery,31,Billable,Yes
TMS-001951,2025-10-01,PRJ-0163,CON-070,Analysis,196.1,Billable,Yes
TMS-001952,2025-10-01,PRJ-0163,CON-056,Delivery,126.1,Billable,Yes
TMS-001953,2025-08-01,PRJ-0163,CON-056,Analysis,65.9,Billable,Yes
TMS-001954,2025-07-01,PRJ-0163,CON-070,Sales Support,182.9,Non-Billable,No
TMS-001955,2025-10-01,PRJ-0163,CON-070,Analysis,92.4,Billable,Yes
TMS-001956,2025-07-01,PRJ-0163,CON-070,Delivery,43.9,Billable,No
TMS-001957,2025-08-01,PRJ-0163,CON-056,Analysis,65.2,Billable,Yes
TMS-001958,2025-08-01,PRJ-0163,CON-070,Delivery,89.5,Billable,Yes
TMS-001959,2025-07-01,PRJ-0163,CON-056,Analysis,176.6,Billable,Yes
TMS-001960,2025-08-01,PRJ-0163,CON-070,Delivery,54.6,Billable,Yes
TMS-001961,2025-10-01,PRJ-0163,CON-056,Analysis,81.3,Billable,Yes
TMS-001962,2025-06-01,PRJ-0163,CON-056,Delivery,38.6,,No
TMS-001963,2025-10-01,PRJ-0163,CON-070,Admin,57.6,Non-Billable,Yes
TMS-001964,2025-08-01,PRJ-0163,CON-070,Client Workshop,15.3,Billable,Yes
TMS-001965,2025-09-01,PRJ-0163,CON-056,Delivery,167.3,Billable,Yes
TMS-001966,2025-07-01,PRJ-0163,CON-056,Analysis,121.7,Billable,Yes
TMS-001967,2025-11-01,PRJ-0163,CON-056,Delivery,172.7,Billable,Yes
TMS-001968,2025-09-01,PRJ-0163,CON-056,Delivery,69.5,Billable,Yes
TMS-001969,2025-10-01,PRJ-0163,CON-056,Internal Training,107.3,Non-Billable,Yes
TMS-001970,2025-10-01,PRJ-0163,CON-070,Delivery,121.6,Billable,Yes
TMS-001971,2025-08-01,PRJ-0163,CON-070,Delivery,145.8,Billable,Yes
TMS-001972,2025-06-01,PRJ-0163,CON-056,Delivery,11.7,Billable,Yes
TMS-001973,2024-10-01,PRJ-0164,CON-048,Analysis,136.8,Billable,Yes
TMS-001974,2024-05-01,PRJ-0164,CON-007,Delivery,52.1,Billable,No
TMS-001975,2024-10-01,PRJ-0164,CON-007,Analysis,19.6,,Yes
TMS-001976,2024-10-01,PRJ-0164,CON-007,Analysis,86,Billable,Yes
TMS-001977,2024-06-01,PRJ-0164,CON-007,Delivery,16.5,Billable,Yes
TMS-001978,2024-07-01,PRJ-0164,CON-048,Client Workshop,64.5,Billable,Yes
TMS-001979,2024-10-01,PRJ-0164,CON-048,Analysis,40.9,Billable,Yes
TMS-001980,2023-08-01,PRJ-0165,CON-047,Client Workshop,112,Billable,Yes
TMS-001981,2023-09-01,PRJ-0165,CON-047,Analysis,128.7,Billable,Yes
TMS-001982,2023-07-01,PRJ-0165,CON-047,Analysis,25.3,Billable,Yes
TMS-001983,2023-09-01,PRJ-0165,CON-047,Delivery,143.5,Billable,Yes
TMS-001984,2023-08-01,PRJ-0165,CON-021,Client Workshop,70.2,Billable,No
TMS-001985,2023-09-01,PRJ-0165,CON-047,Delivery,193.4,Billable,Yes
TMS-001986,2023-09-01,PRJ-0165,CON-057,Client Workshop,161.3,,Yes
TMS-001987,2023-07-01,PRJ-0165,CON-057,Admin,23.1,Non-Billable,Yes
TMS-001988,2023-08-01,PRJ-0165,CON-057,Delivery,68.6,Billable,Yes
TMS-001989,2023-08-01,PRJ-0165,CON-021,QA Review,90.4,Billable,Yes
TMS-001990,2023-07-01,PRJ-0165,CON-009,Sales Support,47.5,,Yes
TMS-001991,2023-08-01,PRJ-0165,CON-009,Client Workshop,36.3,Billable,No
TMS-001992,2023-09-01,PRJ-0165,CON-047,Analysis,169.1,Billable,Yes
TMS-001993,2023-07-01,PRJ-0165,CON-047,Delivery,103.3,Billable,Yes
TMS-001994,2023-07-01,PRJ-0165,CON-047,Analysis,42.4,Billable,Yes
TMS-001995,2023-09-01,PRJ-0165,CON-009,Delivery,191.8,Billable,Yes
TMS-001996,2023-09-01,PRJ-0165,CON-047,Delivery,41.1,,Yes
TMS-001997,2023-08-01,PRJ-0165,CON-057,Delivery,115.6,Billable,Yes
TMS-001998,2025-10-01,PRJ-0166,CON-032,Delivery,186.1,Billable,Yes
TMS-001999,2025-10-01,PRJ-0166,CON-032,Analysis,50.4,Billable,Yes
TMS-002000,2025-09-01,PRJ-0166,CON-017,Analysis,7.9,Billable,Yes
TMS-002001,2025-12-01,PRJ-0167,CON-020,QA Review,199.7,Billable,Yes
TMS-002002,2025-12-01,PRJ-0167,CON-020,QA Review,63,Billable,Yes
TMS-002003,2025-09-01,PRJ-0167,CON-020,Delivery,156.2,Billable,Yes
TMS-002004,2025-11-01,PRJ-0167,CON-048,Delivery,146.5,Billable,Yes
TMS-002005,2025-12-01,PRJ-0167,CON-048,Delivery,158.8,Billable,Yes
TMS-002006,2023-06-01,PRJ-0168,CON-017,Internal Training,105.1,Non-Billable,Yes
TMS-002007,2023-07-01,PRJ-0168,CON-017,Delivery,13.8,Billable,Yes
TMS-002008,2023-05-01,PRJ-0168,CON-029,Admin,140.5,Non-Billable,Yes
TMS-002009,2023-07-01,PRJ-0168,CON-026,Analysis,118.5,Billable,Yes
TMS-002010,2023-07-01,PRJ-0168,CON-029,Client Workshop,110.7,Billable,Yes
TMS-002011,2023-07-01,PRJ-0168,CON-017,Analysis,155.7,Billable,Yes
TMS-002012,2023-07-01,PRJ-0168,CON-011,Delivery,102.6,Billable,Yes
TMS-002013,2023-07-01,PRJ-0168,CON-011,QA Review,60.9,Billable,Yes
TMS-002014,2023-05-01,PRJ-0168,CON-011,Delivery,54.3,Billable,Yes
TMS-002015,2023-07-01,PRJ-0168,CON-011,Delivery,29.2,Billable,Yes
TMS-002016,2023-07-01,PRJ-0168,CON-029,Analysis,60,Billable,Yes
TMS-002017,2023-06-01,PRJ-0169,CON-077,Analysis,75.8,Billable,Yes
TMS-002018,2023-06-01,PRJ-0169,CON-077,Delivery,115.3,Billable,Yes
TMS-002019,2023-06-01,PRJ-0169,CON-077,Delivery,46.1,Billable,Yes
TMS-002020,2023-06-01,PRJ-0169,CON-020,Client Workshop,85.3,Billable,Yes
TMS-002021,2023-05-01,PRJ-0169,CON-020,Delivery,63.4,Billable,Yes
TMS-002022,2023-06-01,PRJ-0169,CON-020,Delivery,56.7,Billable,Yes
TMS-002023,2023-05-01,PRJ-0169,CON-020,Delivery,23.8,Billable,Yes
TMS-002024,2023-06-01,PRJ-0169,CON-020,Admin,61.8,Non-Billable,Yes
TMS-002025,2023-06-01,PRJ-0169,CON-020,Delivery,22.6,Billable,Yes
TMS-002026,2024-01-01,PRJ-0170,CON-062,Delivery,73.6,Billable,Yes
TMS-002027,2023-12-01,PRJ-0170,CON-036,Analysis,169,Billable,Yes
TMS-002028,2024-01-01,PRJ-0170,CON-062,QA Review,130.7,Billable,No
TMS-002029,2023-12-01,PRJ-0170,CON-062,QA Review,19.2,Billable,No
TMS-002030,2024-01-01,PRJ-0170,CON-036,Sales Support,167,Non-Billable,No
TMS-002031,2024-01-01,PRJ-0170,CON-062,Delivery,117.5,Billable,Yes
TMS-002032,2023-12-01,PRJ-0170,CON-015,Analysis,23.2,Billable,Yes
TMS-002033,2023-12-01,PRJ-0170,CON-062,Delivery,92.7,Billable,Yes
TMS-002034,2023-12-01,PRJ-0170,CON-015,Analysis,133.5,Billable,Yes
TMS-002035,2024-01-01,PRJ-0170,CON-062,Delivery,103.5,Billable,Yes
TMS-002036,2024-01-01,PRJ-0170,CON-036,Delivery,65,Billable,Yes
TMS-002037,2024-01-01,PRJ-0170,CON-015,Analysis,19.9,Billable,Yes
TMS-002038,2023-12-01,PRJ-0170,CON-015,Client Workshop,50.3,Billable,Yes
TMS-002039,2024-01-01,PRJ-0170,CON-015,Delivery,151.5,Billable,Yes
TMS-002040,2023-12-01,PRJ-0170,CON-036,Delivery,55.3,Billable,Yes
TMS-002041,2024-01-01,PRJ-0170,CON-036,Delivery,45.2,Billable,Yes
TMS-002042,2025-05-01,PRJ-0171,CON-059,Delivery,69.6,Billable,Yes
TMS-002043,2025-03-01,PRJ-0171,CON-059,Delivery,77.8,Billable,Yes
TMS-002044,2025-06-01,PRJ-0171,CON-059,Delivery,30,Billable,Yes
TMS-002045,2025-03-01,PRJ-0171,CON-063,QA Review,169.6,Billable,Yes
TMS-002046,2025-04-01,PRJ-0171,CON-063,Client Workshop,80.6,Billable,Yes
TMS-002047,2025-03-01,PRJ-0171,CON-063,Client Workshop,173.2,Billable,Yes
TMS-002048,2025-06-01,PRJ-0171,CON-063,Analysis,31.1,Billable,Yes
TMS-002049,2025-03-01,PRJ-0171,CON-063,Analysis,49.5,Billable,Yes
TMS-002050,2025-04-01,prj-0171 ,CON-059,Delivery,91.9,Billable,Yes
TMS-002051,2025-05-01,PRJ-0171,CON-059,Delivery,103.2,Billable,Yes
TMS-002052,2025-05-01,PRJ-0171,CON-059,Delivery,124.7,Billable,Yes
TMS-002053,2025-04-01,PRJ-0171,CON-063,Analysis,170,Billable,Yes
TMS-002054,2025-06-01,PRJ-0171,CON-063,Analysis,189.5,Billable,Yes
TMS-002055,2025-02-01,PRJ-0171,CON-063,Internal Training,132,Non-Billable,Yes
TMS-002056,2025-03-01,PRJ-0171,CON-063,Sales Support,199.8,Non-Billable,Yes
TMS-002057,2024-01-01,PRJ-0172,CON-068,Delivery,168,Billable,Yes
TMS-002058,2024-02-01,PRJ-0172,CON-015,Delivery,56,Billable,Yes
TMS-002059,2024-01-01,PRJ-0172,CON-068,Delivery,135.3,Billable,Yes
TMS-002060,2023-12-01,PRJ-0172,CON-015,Delivery,119.2,Billable,Yes
TMS-002061,2024-04-01,PRJ-0172,CON-015,Delivery,87.9,Billable,Yes
TMS-002062,2024-05-01,PRJ-0172,CON-015,Admin,88.9,Non-Billable,Yes
TMS-002063,2024-02-01,PRJ-0172,CON-068,Client Workshop,110.3,Billable,Yes
TMS-002064,2024-04-01,PRJ-0172,CON-029,QA Review,139.8,Billable,Yes
TMS-002065,2024-05-01,PRJ-0172,CON-015,Delivery,27.5,Billable,Yes
TMS-002066,2024-04-01,PRJ-0172,CON-029,Delivery,90.4,Billable,Yes
TMS-002067,2024-04-01,PRJ-0172,CON-015,Admin,59.6,Non-Billable,Yes
TMS-002068,2024-02-01,PRJ-0172,CON-015,Delivery,173.3,Billable,Yes
TMS-002069,2024-03-01,PRJ-0172,CON-015,Delivery,55.6,Billable,Yes
TMS-002070,2024-01-01,PRJ-0172,CON-068,Delivery,71.6,Billable,Yes
TMS-002071,2023-12-01,PRJ-0172,CON-015,Delivery,172.9,Billable,Yes
TMS-002072,2024-04-01,PRJ-0172,CON-068,Internal Training,15.6,Non-Billable,Yes
TMS-002073,2024-03-01,PRJ-0172,CON-029,Analysis,113.8,Billable,Yes
TMS-002074,2024-06-01,PRJ-0172,CON-029,Sales Support,63.5,Non-Billable,Yes
TMS-002075,2024-02-01,PRJ-0172,CON-015,Delivery,90.8,Billable,Yes
TMS-002076,2024-04-01,PRJ-0172,CON-068,Delivery,14.7,Billable,Yes
TMS-002077,2023-04-01,PRJ-0173,CON-056,Delivery,62,Billable,Yes
TMS-002078,2023-06-01,PRJ-0173,CON-070,Delivery,16.3,Billable,Yes
TMS-002079,2023-05-01,PRJ-0173,CON-018,Delivery,47.5,Billable,Yes
TMS-002080,2023-05-01,PRJ-0173,CON-018,Analysis,71.9,Billable,Yes
TMS-002081,2023-05-01,PRJ-0173,CON-070,Analysis,147.5,Billable,Yes
TMS-002082,2023-05-01,PRJ-0173,CON-056,Analysis,174.4,Billable,Yes
TMS-002083,2023-05-01,PRJ-0173,CON-070,Delivery,50.5,Billable,Yes
TMS-002084,2023-05-01,PRJ-0173,CON-056,Delivery,47.5,Billable,Yes
TMS-002085,2023-05-01,PRJ-0173,CON-018,QA Review,178.7,Billable,Yes
TMS-002086,2023-05-01,PRJ-0173,CON-056,Analysis,182.3,Billable,Yes
TMS-002087,2023-04-01,PRJ-0173,CON-056,Delivery,64.9,,Yes
TMS-002088,2023-05-01,PRJ-0173,CON-070,Analysis,52.9,Billable,Yes
TMS-002089,2023-05-01,PRJ-0173,CON-018,Client Workshop,181.5,Billable,Yes
TMS-002090,2023-05-01,PRJ-0173,CON-070,Delivery,155.6,Billable,Yes
TMS-002091,2023-05-01,PRJ-0173,CON-056,Client Workshop,193.5,Billable,Yes
TMS-002092,2023-05-01,PRJ-0173,CON-056,Admin,106.3,Non-Billable,Yes
TMS-002093,2023-05-01,PRJ-0173,CON-070,Delivery,99.7,Billable,Yes
TMS-002094,2023-05-01,PRJ-0173,CON-070,QA Review,179,Billable,Yes
TMS-002095,2023-05-01,PRJ-0173,CON-070,Delivery,62.2,Billable,Yes
TMS-002096,2023-05-01,PRJ-0173,CON-018,Delivery,92.1,Billable,Yes
TMS-002097,2023-05-01,PRJ-0173,CON-070,Sales Support,9.8,Non-Billable,Yes
TMS-002098,2025-03-01,PRJ-0174,CON-059,QA Review,122.5,Billable,Yes
TMS-002099,2025-03-01,PRJ-0174,CON-059,Sales Support,73.2,Non-Billable,Yes
TMS-002100,2025-03-01,PRJ-0174,CON-059,Delivery,50.8,Billable,Yes
TMS-002101,2025-03-01,PRJ-0174,CON-055,Client Workshop,52,Billable,Yes
TMS-002102,2025-03-01,PRJ-0174,CON-055,Client Workshop,18.4,Billable,Yes
TMS-002103,2025-03-01,PRJ-0174,CON-059,QA Review,11.3,Billable,Yes
TMS-002104,2023-02-01,PRJ-0175,CON-075,Delivery,101.7,Billable,Yes
TMS-002105,2023-01-01,PRJ-0175,CON-033,Delivery,119,Billable,Yes
TMS-002106,2023-04-01,PRJ-0175,CON-069,Analysis,18,Billable,Yes
TMS-002107,2023-01-01,PRJ-0175,CON-033,Internal Training,73.2,Non-Billable,Yes
TMS-002108,2023-04-01,PRJ-0175,CON-033,Analysis,85.2,Billable,Yes
TMS-002109,2023-04-01,PRJ-0175,CON-075,Delivery,90.7,Billable,Yes
TMS-002110,2023-01-01,PRJ-0175,CON-069,Delivery,94.2,Billable,Yes
TMS-002111,2023-02-01,PRJ-0175,CON-033,Delivery,57.1,Billable,Yes
TMS-002112,2023-02-01,PRJ-0175,CON-075,Delivery,70,Billable,Yes
TMS-002113,2023-01-01,PRJ-0175,CON-069,Sales Support,176.8,Non-Billable,Yes
TMS-002114,2023-03-01,PRJ-0175,CON-033,QA Review,117.7,Billable,Yes
TMS-002115,2023-02-01,PRJ-0175,CON-069,Delivery,15.4,Billable,Yes
TMS-002116,2023-02-01,PRJ-0175,CON-075,Delivery,43.4,Billable,Yes
TMS-002117,2023-01-01, PRJ-0175,CON-075,Delivery,12.2,Billable,Yes
TMS-002118,2023-04-01,PRJ-0175,CON-033,Delivery,70.1,Billable,Yes
TMS-002119,2023-02-01,PRJ-0175,CON-069,Analysis,63.5,Billable,Yes
TMS-002120,2023-02-01,PRJ-0175,CON-075,QA Review,22.7,Billable,Yes
TMS-002121,2023-08-01,PRJ-0176,CON-006,Client Workshop,33.6,Billable,Yes
TMS-002122,2023-07-01,PRJ-0176,CON-006,Client Workshop,162.3,Billable,Yes
TMS-002123,2023-09-01,PRJ-0176,CON-048,Sales Support,88.7,Non-Billable,Yes
TMS-002124,2023-08-01,PRJ-0176,CON-048,Delivery,22.6,Billable,Yes
TMS-002125,2023-09-01,PRJ-0176,CON-048,Analysis,37.3,Billable,Yes
TMS-002126,2023-07-01,PRJ-0176,CON-006,Admin,172.9,Non-Billable,Yes
TMS-002127,2023-11-01,PRJ-0176,CON-048,Analysis,138.1,Billable,Yes
TMS-002128,2023-12-01,PRJ-0176,CON-048,Delivery,107.5,Billable,Yes
TMS-002129,2023-10-01,PRJ-0176,CON-048,Delivery,193.9,Billable,Yes
TMS-002130,2023-06-01,PRJ-0176,CON-006,Client Workshop,53,Billable,Yes
TMS-002131,2023-11-01,PRJ-0176,CON-048,Delivery,21.2,,Yes
TMS-002132,2023-09-01,PRJ-0176,CON-048,Delivery,192.6,Billable,Yes
TMS-002133,2023-07-01,PRJ-0176,CON-048,Delivery,110,Billable,Yes
TMS-002134,2023-08-01,PRJ-0176,CON-048,Delivery,53.3,Billable,Yes
TMS-002135,2023-07-01,PRJ-0176,CON-048,Client Workshop,192.7,Billable,Yes
TMS-002136,2023-10-01,PRJ-0176,CON-006,Client Workshop,151.2,Billable,Yes
TMS-002137,2023-10-01,PRJ-0176,CON-048,Admin,154.2,Non-Billable,Yes
TMS-002138,2023-12-01,PRJ-0176,CON-048,Delivery,172.1,Billable,Yes
TMS-002139,2023-11-01,PRJ-0176,CON-048,Analysis,156.4,Billable,Yes
TMS-002140,2023-07-01,PRJ-0176,CON-006 ,Client Workshop,135.3,Billable,Yes
TMS-002141,2024-09-01,PRJ-0177,CON-074,Delivery,68.6,Billable,Yes
TMS-002142,2024-09-01,PRJ-0177,CON-071,Analysis,168.4,,Yes
TMS-002143,2024-09-01,PRJ-0177,CON-071,Analysis,157.2,Billable,Yes
TMS-002144,2024-10-01,PRJ-0177,CON-074,Delivery,174.7,Billable,Yes
TMS-002145,2024-09-01,PRJ-0177,CON-071,Analysis,188.5,Billable,Yes
TMS-002146,2024-10-01,PRJ-0177,CON-074,Analysis,146.5,Billable,Yes
TMS-002147,2024-09-01,PRJ-0177,CON-071,Analysis,84.2,Billable,Yes
TMS-002148,2024-09-01,PRJ-0177,CON-074,Client Workshop,29.6,Billable,Yes
TMS-002149,2024-10-01,PRJ-0177,CON-071,Delivery,197.5,Billable,Yes
TMS-002150,2024-08-01,PRJ-0177,CON-074,Admin,135,Non-Billable,Yes
TMS-002151,2024-09-01,PRJ-0177,CON-074,Client Workshop,117.4,Billable,Yes
TMS-002152,2024-10-01,PRJ-0177,CON-074,Client Workshop,154,Billable,Yes
TMS-002153,2025-10-01,PRJ-0178,CON-063,Delivery,28.3,Billable,Yes
TMS-002154,2025-12-01,PRJ-0178,CON-063,Client Workshop,38.1,Billable,Yes
TMS-002155,2025-11-01,PRJ-0178,CON-055,Delivery,168,Billable,Yes
TMS-002156,2025-11-01,PRJ-0178,CON-063,Delivery,37.9,Billable,Yes
TMS-002157,2025-08-01,PRJ-0178,CON-064,Delivery,33.1,Billable,Yes
TMS-002158,2025-09-01,PRJ-0178,CON-055,Analysis,19.4,Billable,Yes
TMS-002159,2025-10-01,PRJ-0179,CON-056,Internal Training,40.8,Non-Billable,Yes
TMS-002160,2025-10-01,PRJ-0179,CON-056,QA Review,120,Billable,Yes
TMS-002161,2025-10-01,PRJ-0179,CON-058,Analysis,141,Billable,No
TMS-002162,2025-12-01,PRJ-0179,CON-058,Delivery,82.7,Billable,Yes
TMS-002163,2025-11-01,PRJ-0179,CON-065,Client Workshop,160.7,Billable,Yes
TMS-002164,2025-10-01,PRJ-0179,CON-056,Delivery,184,Billable,Yes
TMS-002165,2025-11-01,PRJ-0179, CON-056,Delivery,86.8,Billable,Yes
TMS-002166,2025-11-01,PRJ-0179,CON-056,Analysis,117,Billable,Yes
TMS-002167,2025-11-01,PRJ-0179,CON-056,Sales Support,85.2,Non-Billable,Yes
TMS-002168,2025-11-01,PRJ-0179,CON-056,Admin,17,Non-Billable,Yes
TMS-002169,2025-10-01,PRJ-0179,CON-056,Delivery,147.9,Billable,Yes
TMS-002170,2025-11-01,PRJ-0179,CON-058,Client Workshop,39.7,Billable,Yes
TMS-002171,2023-10-01,PRJ-0180,CON-053,Client Workshop,47,Billable,Yes
TMS-002172,2024-02-01,PRJ-0180,CON-057,Delivery,122.9,Billable,Yes
TMS-002173,2023-12-01,PRJ-0180,CON-065,Analysis,138.5,Billable,Yes
TMS-002174,2023-11-01,PRJ-0180,CON-065,Delivery,157.4,Billable,Yes
TMS-002175,2023-10-01,PRJ-0180,CON-053,Internal Training,156.9,Non-Billable,Yes
TMS-002176,2023-12-01,PRJ-0180,CON-065,Analysis,52.6,Billable,Yes
TMS-002177,2024-01-01,PRJ-0180,CON-053,Analysis,92.8,Billable,Yes
TMS-002178,2024-01-01,PRJ-0180,CON-053,Analysis,113.9,Billable,Yes
TMS-002179,2023-12-01,PRJ-0180,CON-057,Delivery,12.4,Billable,Yes
TMS-002180,2024-01-01,PRJ-0180,CON-065,Delivery,18.8,Billable,Yes
TMS-002181,2023-12-01,PRJ-0180,CON-053,Analysis,133.6,Billable,Yes
TMS-002182,2023-11-01,PRJ-0180,CON-057,Analysis,142.1,Billable,Yes
TMS-002183,2024-01-01,PRJ-0180,CON-065,Delivery,78.9,Billable,Yes
TMS-002184,2023-11-01,PRJ-0180,CON-065,Client Workshop,41,Billable,Yes
TMS-002185,2024-01-01,PRJ-0180,CON-057,Analysis,52,Billable,Yes
TMS-002186,2024-01-01,PRJ-0180,CON-057,Client Workshop,16.8,Billable,Yes
TMS-002187,2024-02-01,PRJ-0180,CON-057,QA Review,135.9,,Yes
TMS-002188,2024-01-01,PRJ-0180,CON-057,Analysis,13.8,Billable,Yes
TMS-002189,2023-12-01,PRJ-0181,CON-009,Delivery,26.5,Billable,Yes
TMS-002190,2023-12-01,PRJ-0181,CON-009,Delivery,99.8,Billable,Yes
TMS-002191,2024-01-01,PRJ-0181,CON-056,Delivery,69.8,Billable,Yes
TMS-002192,2023-12-01,PRJ-0181,CON-009,Analysis,94.2,Billable,Yes
TMS-002193,2024-01-01,PRJ-0181,CON-009,Delivery,100.8,Billable,Yes
TMS-002194,2023-12-01,PRJ-0181,CON-013,Delivery,47.5,,Yes
TMS-002195,2023-12-01,prj-0181 ,CON-013,Delivery,29.2,Billable,Yes
TMS-002196,2023-12-01,PRJ-0181,CON-009,Delivery,65.2,Billable,Yes
TMS-002197,2024-01-01,prj-0181 ,CON-056,Delivery,128.5,Billable,Yes
TMS-002198,2024-01-01,PRJ-0181, CON-013,Analysis,149.9,Billable,Yes
TMS-002199,2023-12-01,PRJ-0181,CON-013,Analysis,143.7,Billable,Yes
TMS-002200,2024-01-01,PRJ-0181,CON-009,Sales Support,58.2,Non-Billable,Yes
TMS-002201,2023-12-01,PRJ-0181,CON-056,QA Review,22.1,Billable,Yes
TMS-002202,2024-01-01,PRJ-0181,CON-013,Delivery,175.5,Billable,Yes
TMS-002203,2024-01-01,PRJ-0181,CON-013,Client Workshop,107.5,Billable,Yes
TMS-002204,2023-12-01,PRJ-0181,CON-009,Delivery,16.5,Billable,Yes
TMS-002205,2023-12-01,PRJ-0181,CON-013,Delivery,13,Billable,Yes
TMS-002206,2023-12-01,PRJ-0181,CON-009,Client Workshop,16.6,Billable,Yes
TMS-002207,2024-09-01,PRJ-0182,CON-005,Analysis,77.3,Billable,Yes
TMS-002208,2024-09-01,PRJ-0182,CON-005,Analysis,164.9,Billable,Yes
TMS-002209,2024-10-01,PRJ-0182,CON-005,Analysis,110,Billable,Yes
TMS-002210,2024-08-01,PRJ-0182,CON-077,Delivery,119.8,Billable,Yes
TMS-002211,2024-07-01,PRJ-0182,CON-005,Delivery,70.1,Billable,Yes
TMS-002212,2024-08-01,PRJ-0182,CON-005,Delivery,90.9,Billable,Yes
TMS-002213,2024-07-01,PRJ-0182,CON-005,Sales Support,58.8,,Yes
TMS-002214,2024-07-01,PRJ-0182,CON-005,Sales Support,153.2,Non-Billable,Yes
TMS-002215,2024-07-01,PRJ-0182,CON-005,Delivery,34,Billable,Yes
TMS-002216,2024-07-01,PRJ-0182,CON-005,Client Workshop,162.9,Billable,Yes
TMS-002217,2024-09-01,PRJ-0182,CON-005,Delivery,74.4,Billable,Yes
TMS-002218,2024-09-01,PRJ-0182,CON-005,Delivery,193.2,Billable,Yes
TMS-002219,2024-07-01,PRJ-0182,CON-077,QA Review,145.5,Billable,Yes
TMS-002220,2024-07-01,PRJ-0182,CON-077,Analysis,92.4,Billable,Yes
TMS-002221,2024-08-01,PRJ-0182,CON-077,Sales Support,15.3,Non-Billable,Yes
TMS-002222,2024-08-01,PRJ-0182,CON-005,Admin,13,Non-Billable,Yes
TMS-002223,2024-07-01,PRJ-0182,CON-077,Delivery,51.3,Billable,Yes
TMS-002224,2024-10-01,PRJ-0182,CON-077,Admin,38,Non-Billable,Yes
TMS-002225,2024-08-01,PRJ-0183,CON-053,Delivery,35.8,Billable,Yes
TMS-002226,2024-07-01,PRJ-0183,CON-053,Delivery,66.7,Billable,Yes
TMS-002227,2024-05-01,PRJ-0183,CON-057,Sales Support,197.9,Non-Billable,Yes
TMS-002228,2024-06-01,PRJ-0183,CON-021,Delivery,115.8,Billable,Yes
TMS-002229,2024-06-01,PRJ-0183,CON-057,Client Workshop,104.6,Billable,Yes
TMS-002230,2024-06-01,PRJ-0183,CON-057,QA Review,192.1,Billable,Yes
TMS-002231,2024-05-01,PRJ-0183,CON-057,QA Review,116.1,Billable,Yes
TMS-002232,2024-05-01,PRJ-0183,CON-053,QA Review,85.9,Billable,Yes
TMS-002233,2024-05-01,PRJ-0183,CON-053,QA Review,23,Billable,Yes
TMS-002234,2024-09-01,PRJ-0183,CON-057,Client Workshop,121.8,,Yes
TMS-002235,2024-07-01,PRJ-0183,CON-057,Delivery,55.4,,Yes
TMS-002236,2024-05-01,PRJ-0183,CON-053,Client Workshop,121,Billable,Yes
TMS-002237,2024-05-01,PRJ-0183,CON-057,Analysis,71,Billable,Yes
TMS-002238,2024-08-01,PRJ-0183,CON-053,Internal Training,25.9,Non-Billable,Yes
TMS-002239,2024-07-01,PRJ-0183,CON-057,Analysis,16.2,Billable,No
TMS-002240,2024-06-01,PRJ-0183,CON-053,QA Review,91.8,Billable,Yes
TMS-002241,2024-05-01,PRJ-0183,CON-021,Delivery,123.1,Billable,Yes
TMS-002242,2024-06-01,PRJ-0183,CON-057,Delivery,60.9,Billable,Yes
TMS-002243,2024-08-01,PRJ-0183,CON-057,Client Workshop,95.1,Billable,No
TMS-002244,2024-05-01,PRJ-0183,CON-057,QA Review,10.3,Billable,Yes
TMS-002245,2024-07-01,PRJ-0183,CON-021,Delivery,68.2,Billable,Yes
TMS-002246,2024-09-01,PRJ-0183,CON-021,Internal Training,9.1,Non-Billable,Yes
TMS-002247,2023-11-01,PRJ-0184,CON-006,Analysis,168.9,Billable,Yes
TMS-002248,2024-02-01,PRJ-0184,CON-006,Internal Training,76.7,Non-Billable,Yes
TMS-002249,2024-04-01,PRJ-0184,CON-048,Delivery,66.1,,Yes
TMS-002250,2024-04-01,PRJ-0184,CON-006,Analysis,178.8,Billable,Yes
TMS-002251,2024-01-01,PRJ-0184,CON-048,Admin,137.5,Non-Billable,Yes
TMS-002252,2024-04-01,PRJ-0184,CON-006,Admin,150.8,Non-Billable,Yes
TMS-002253,2024-06-01,PRJ-0184,CON-006,Sales Support,193,Non-Billable,Yes
TMS-002254,2024-02-01,PRJ-0184,CON-048,Delivery,52.9,Billable,Yes
TMS-002255,2023-12-01,PRJ-0184,CON-006,Sales Support,58.9,Non-Billable,Yes
TMS-002256,2023-12-01,PRJ-0184,CON-038,Sales Support,198.8,Non-Billable,Yes
TMS-002257,2023-12-01,PRJ-0184,CON-038,Admin,11.8,Non-Billable,Yes
TMS-002258,2023-11-01,PRJ-0184,CON-006,Delivery,63.7,Billable,Yes
TMS-002259,2023-11-01,PRJ-0184,CON-048,Delivery,43,Billable,Yes
TMS-002260,2024-05-01,PRJ-0184,CON-048,Delivery,46.7,Billable,Yes
TMS-002261,2024-04-01, PRJ-0184,CON-048,Analysis,119.7,Billable,No
TMS-002262,2024-01-01, PRJ-0184 ,CON-006,Client Workshop,16,,Yes
TMS-002263,2024-03-01,PRJ-0185,CON-015,Internal Training,177.3,Non-Billable,Yes
TMS-002264,2024-03-01,PRJ-0185,CON-022,Delivery,161,,Yes
TMS-002265,2024-03-01,PRJ-0185,CON-022,QA Review,71.2,Billable,Yes
TMS-002266,2024-03-01,PRJ-0185,CON-022,Sales Support,62.8,Non-Billable,Yes
TMS-002267,2025-05-01,PRJ-0186,CON-038,Delivery,73.3,Billable,Yes
TMS-002268,2025-08-01,PRJ-0186,CON-048,Admin,194.9,Non-Billable,Yes
TMS-002269,2025-06-01,PRJ-0186,CON-038,Client Workshop,64.9,Billable,Yes
TMS-002270,2025-09-01,PRJ-0186,CON-023,Delivery,192.2,Billable,No
TMS-002271,2025-07-01,PRJ-0186,CON-052,Delivery,177.4,Billable,Yes
TMS-002272,2025-09-01,PRJ-0186, CON-052 ,Analysis,31.7,Billable,Yes
TMS-002273,2025-06-01,PRJ-0186,CON-052,Analysis,172.3,Billable,Yes
TMS-002274,2025-09-01,PRJ-0186,CON-023,Delivery,128,Billable,No
TMS-002275,2025-07-01,PRJ-0186,CON-038,Sales Support,12.1,Non-Billable,Yes
TMS-002276,2025-07-01,PRJ-0186,CON-023,Delivery,179.7,Billable,Yes
TMS-002277,2025-08-01,PRJ-0186,CON-052,Delivery,166.2,Billable,Yes
TMS-002278,2025-07-01,PRJ-0186,CON-023,Client Workshop,180.3,,Yes
TMS-002279,2025-08-01,PRJ-0186,CON-048,Delivery,11.6,Billable,Yes
TMS-002280,2025-07-01,PRJ-0186,CON-023,Analysis,177.7,Billable,Yes
TMS-002281,2025-08-01,PRJ-0186,CON-048,Delivery,151.3,Billable,Yes
TMS-002282,2025-06-01,PRJ-0186,CON-023,Internal Training,86.3,Non-Billable,Yes
TMS-002283,2025-07-01,PRJ-0186,CON-048,Analysis,197.2,Billable,Yes
TMS-002284,2025-02-01,PRJ-0187,CON-005,Delivery,102.4,Billable,Yes
TMS-002285,2025-02-01,PRJ-0187,CON-076,Client Workshop,13.7,Billable,Yes
TMS-002286,2025-02-01,PRJ-0187,CON-077,Delivery,44.5,Billable,Yes
TMS-002287,2025-02-01,PRJ-0187,CON-005,Analysis,82.6,Billable,Yes
TMS-002288,2025-02-01,PRJ-0187,CON-005,Delivery,38.8,,Yes
TMS-002289,2025-02-01,PRJ-0187,CON-005,Analysis,20.2,Billable,Yes
TMS-002290,2024-02-01,PRJ-0188,CON-067,Client Workshop,100.7,Billable,Yes
TMS-002291,2024-06-01,PRJ-0188,CON-055,Delivery,161.5,Billable,Yes
TMS-002292,2024-05-01,PRJ-0188,CON-059,Analysis,165.7,Billable,Yes
TMS-002293,2024-03-01,PRJ-0188,CON-055,Delivery,182.6,Billable,Yes
TMS-002294,2024-02-01,PRJ-0188,CON-067,Sales Support,178.3,Non-Billable,Yes
TMS-002295,2024-05-01,PRJ-0188,CON-055,Delivery,132.1,,Yes
TMS-002296,2024-02-01,PRJ-0188,CON-055,Delivery,20.6,Billable,Yes
TMS-002297,2023-05-01,PRJ-0189,CON-007,Delivery,195.2,Billable,Yes
TMS-002298,2023-04-01,PRJ-0189,CON-007,Delivery,34.7,Billable,Yes
TMS-002299,2023-04-01,PRJ-0189,CON-035,Client Workshop,126.2,Billable,Yes
TMS-002300,2023-04-01,PRJ-0189,CON-007,Analysis,172.5,Billable,Yes
TMS-002301,2023-04-01,PRJ-0189,CON-007,Delivery,161.7,Billable,Yes
TMS-002302,2023-03-01,PRJ-0189,CON-007,Client Workshop,181.8,Billable,Yes
TMS-002303,2023-02-01,PRJ-0189,CON-007,Client Workshop,182.3,,Yes
TMS-002304,2023-02-01,PRJ-0189,CON-035,Analysis,104.5,Billable,Yes
TMS-002305,2023-03-01,PRJ-0189,CON-035,Delivery,36.8,Billable,Yes
TMS-002306,2023-02-01,PRJ-0189,CON-035,Analysis,57.7,Billable,Yes
TMS-002307,2023-02-01,PRJ-0189,CON-038,Delivery,90.4,Billable,Yes
TMS-002308,2023-03-01,PRJ-0189,CON-007,Client Workshop,18.6,Billable,Yes
TMS-002309,2023-02-01,PRJ-0189,CON-038,Sales Support,158.8,Non-Billable,Yes
TMS-002310,2024-10-01,PRJ-0190,CON-072,Internal Training,29.9,Non-Billable,Yes
TMS-002311,2024-09-01,PRJ-0190,CON-007,Client Workshop,17.3,Billable,Yes
TMS-002312,2024-11-01,PRJ-0190,CON-077,Delivery,123.7,Billable,Yes
TMS-002313,2024-08-01,PRJ-0190,CON-072,Delivery,84,Billable,Yes
TMS-002314,2024-12-01,PRJ-0190,CON-007,Delivery,157.4,Billable,Yes
TMS-002315,2024-10-01,PRJ-0190, CON-072 ,Delivery,33.9,Billable,Yes
TMS-002316,2024-11-01,PRJ-0190,CON-007,Delivery,104.8,Billable,Yes
TMS-002317,2024-10-01,PRJ-0190,CON-072,Sales Support,39.2,Non-Billable,Yes
TMS-002318,2024-09-01,PRJ-0190,CON-077,Delivery,89.5,Billable,Yes
TMS-002319,2024-10-01,PRJ-0190,CON-072,Internal Training,124.6,Non-Billable,No
TMS-002320,2024-11-01,PRJ-0190,CON-077,Admin,119.2,Non-Billable,Yes
TMS-002321,2024-10-01,PRJ-0190,CON-072,Internal Training,147.7,Non-Billable,Yes
TMS-002322,2024-10-01,PRJ-0190,CON-077,Analysis,124.1,Billable,Yes
TMS-002323,2024-08-01,PRJ-0190,CON-007,Delivery,162.2,Billable,Yes
TMS-002324,2025-09-01,PRJ-0191,CON-017,QA Review,111.2,Billable,Yes
TMS-002325,2025-12-01,PRJ-0191,CON-004,Delivery,27.4,Billable,Yes
TMS-002326,2025-10-01,PRJ-0191,CON-075,Delivery,18.8,Billable,Yes
TMS-002327,2024-01-01,PRJ-0192,CON-056,Delivery,176.7,Billable,Yes
TMS-002328,2024-01-01,PRJ-0192,CON-056,Analysis,123.8,Billable,Yes
TMS-002329,2024-01-01,PRJ-0192,CON-057,Analysis,48,Billable,Yes
TMS-002330,2024-01-01,PRJ-0192,CON-002,Delivery,13.7,Billable,Yes
TMS-002331,2023-10-01,PRJ-0193,CON-045,Delivery,145.2,Billable,Yes
TMS-002332,2023-09-01,PRJ-0193,CON-015,Delivery,146,Billable,Yes
TMS-002333,2023-11-01,PRJ-0193,CON-045,Delivery,109,Billable,Yes
TMS-002334,2023-10-01,PRJ-0193,CON-015,Admin,44.9,Non-Billable,Yes
TMS-002335,2023-12-01,PRJ-0193, CON-015,Client Workshop,24.4,Billable,Yes
TMS-002336,2023-11-01,PRJ-0193,CON-015,QA Review,27.5,Billable,Yes
TMS-002337,2023-10-01,PRJ-0193,CON-045,Delivery,117,Billable,Yes
TMS-002338,2023-11-01,PRJ-0193,CON-045,QA Review,19.1,Billable,Yes
TMS-002339,2023-10-01,PRJ-0193,CON-015,Sales Support,50.4,Non-Billable,Yes
TMS-002340,2023-10-01, PRJ-0193,CON-015,Internal Training,63.7,,Yes
TMS-002341,2023-10-01,PRJ-0193,CON-015,Delivery,10.4,Billable,Yes
TMS-002342,2023-09-01,PRJ-0193,CON-045,Analysis,175.9,Billable,Yes
TMS-002343,2023-11-01,PRJ-0193,CON-015,Delivery,41.7,Billable,Yes
TMS-002344,2023-11-01,PRJ-0193,CON-045,Analysis,101.2,Billable,Yes
TMS-002345,2023-11-01,PRJ-0193,CON-045,Delivery,31.2,Billable,Yes
TMS-002346,2023-10-01,PRJ-0193,CON-015,Client Workshop,22.7,Billable,Yes
TMS-002347,2023-11-01,PRJ-0193,CON-045,Client Workshop,168.8,Billable,Yes
TMS-002348,2023-09-01,PRJ-0193,CON-045,Delivery,194.5,,Yes
TMS-002349,2023-09-01,PRJ-0193,CON-045,Delivery,149.3,Billable,Yes
TMS-002350,2023-11-01,PRJ-0193,CON-045,Delivery,97.8,Billable,No
TMS-002351,2023-11-01,PRJ-0193,CON-045,Delivery,121.8,Billable,Yes
TMS-002352,2023-11-01,PRJ-0193,CON-015,Delivery,16.1,,Yes
TMS-002353,2025-09-01,PRJ-0194,CON-059,QA Review,37.6,Billable,Yes
TMS-002354,2025-09-01,PRJ-0194,CON-059,Analysis,13.7,,Yes
TMS-002355,2025-09-01,PRJ-0194,CON-064,Analysis,46.6,Billable,Yes
TMS-002356,2025-09-01,PRJ-0194,CON-064,Delivery,26.3,Billable,Yes
TMS-002357,2025-09-01,PRJ-0194,CON-059,Analysis,167.4,Billable,Yes
TMS-002358,2025-09-01,PRJ-0194,CON-059,Sales Support,85,Non-Billable,Yes
TMS-002359,2025-09-01,PRJ-0194,CON-064,Admin,34.7,Non-Billable,Yes
TMS-002360,2025-09-01,PRJ-0194,CON-064,Analysis,81.6,Billable,Yes
TMS-002361,2025-09-01,PRJ-0194,CON-059,Delivery,13.2,Billable,Yes
TMS-002362,2025-09-01,PRJ-0194,CON-064,Admin,38,Non-Billable,Yes
TMS-002363,2025-03-01,PRJ-0195, CON-006,Analysis,65.6,Billable,Yes
TMS-002364,2025-03-01,PRJ-0195,CON-051,Delivery,198.4,Billable,Yes
TMS-002365,2025-02-01,PRJ-0195,CON-006,Delivery,17.8,Billable,Yes
TMS-002366,2025-03-01,PRJ-0195,CON-006,Sales Support,159.2,Non-Billable,Yes
TMS-002367,2024-12-01,PRJ-0195,CON-006,Delivery,158.6,Billable,Yes
TMS-002368,2025-03-01,PRJ-0195,CON-051,Analysis,22.4,Billable,Yes
TMS-002369,2025-03-01,PRJ-0195,CON-006,Delivery,113.5,Billable,Yes
TMS-002370,2024-12-01,PRJ-0195,CON-006,Client Workshop,16.4,,Yes
TMS-002371,2025-01-01,PRJ-0195,CON-051,Delivery,95,Billable,Yes
TMS-002372,2025-03-01,PRJ-0195,CON-051,Internal Training,134.6,Non-Billable,Yes
TMS-002373,2024-12-01,PRJ-0195,CON-006,Analysis,139.8,Billable,Yes
TMS-002374,2025-03-01,PRJ-0195,CON-051,Analysis,59,Billable,Yes
TMS-002375,2024-04-01,PRJ-0196,CON-032,Delivery,195.8,Billable,Yes
TMS-002376,2024-04-01,PRJ-0196,CON-075,Analysis,98.3,Billable,Yes
TMS-002377,2024-05-01,prj-0196 ,CON-032,Analysis,90.1,Billable,Yes
TMS-002378,2024-05-01,PRJ-0196,CON-075,Delivery,80.9,Billable,Yes
TMS-002379,2024-05-01,prj-0196 ,CON-032,Delivery,126.5,Billable,Yes
TMS-002380,2024-05-01,PRJ-0196,CON-075,Delivery,107.2,Billable,Yes
TMS-002381,2024-05-01,PRJ-0196,CON-032,Analysis,49.9,Billable,Yes
TMS-002382,2024-05-01,PRJ-0196,CON-032,Delivery,34.6,Billable,Yes
TMS-002383,2024-05-01,PRJ-0196,CON-032,Delivery,23.7,Billable,No
TMS-002384,2025-07-01,PRJ-0197,CON-056,Client Workshop,191.8,Billable,Yes
TMS-002385,2025-07-01,PRJ-0197,CON-056,Sales Support,76.1,Non-Billable,Yes
TMS-002386,2025-08-01,PRJ-0197,CON-056,Analysis,52.2,Billable,Yes
TMS-002387,2025-07-01,PRJ-0197,CON-057,Analysis,164,Billable,Yes
TMS-002388,2025-07-01,PRJ-0197,CON-056,Delivery,133.7,Billable,Yes
TMS-002389,2025-07-01,PRJ-0197,CON-057,QA Review,132,Billable,Yes
TMS-002390,2025-07-01,PRJ-0197,CON-056,Analysis,9.1,Billable,Yes
TMS-002391,2025-07-01,PRJ-0198,CON-047,Delivery,42.9,Billable,Yes
TMS-002392,2025-05-01,PRJ-0198,CON-057,Delivery,118.7,Billable,Yes
TMS-002393,2025-10-01,PRJ-0198,CON-056,Analysis,124.4,,Yes
TMS-002394,2025-09-01,PRJ-0198,CON-057,Analysis,114.9,Billable,Yes
TMS-002395,2025-10-01,PRJ-0198,CON-056,Client Workshop,67.7,Billable,Yes
TMS-002396,2025-10-01,PRJ-0198,CON-056,Analysis,70.7,Billable,Yes
TMS-002397,2025-10-01,PRJ-0198,CON-057,Analysis,196.9,Billable,Yes
TMS-002398,2025-05-01,PRJ-0198,CON-056,Delivery,69.3,Billable,Yes
TMS-002399,2025-05-01,PRJ-0198,CON-053,Analysis,43.3,Billable,Yes
TMS-002400,2025-10-01,PRJ-0198,CON-053,Delivery,149.7,Billable,Yes
TMS-002401,2025-09-01,PRJ-0198,CON-047,Analysis,47.2,Billable,Yes
TMS-002402,2025-07-01,PRJ-0198,CON-056,Analysis,146.9,Billable,Yes
TMS-002403,2025-11-01,PRJ-0198,CON-056,Analysis,100.3,Billable,Yes
TMS-002404,2025-05-01,PRJ-0198,CON-053,Client Workshop,18.3,Billable,Yes
TMS-002405,2025-10-01,PRJ-0198,CON-057,Internal Training,116.2,Non-Billable,Yes
TMS-002406,2025-07-01,PRJ-0198,CON-047,Analysis,13.7,Billable,Yes
TMS-002407,2025-09-01,PRJ-0198,CON-053,Delivery,106.5,Billable,Yes
TMS-002408,2025-04-01,PRJ-0198,CON-053,Delivery,42.9,Billable,Yes
TMS-002409,2025-06-01,PRJ-0198,CON-057,Delivery,194.4,Billable,Yes
TMS-002410,2025-04-01,PRJ-0198,CON-047,Delivery,189.9,Billable,Yes
TMS-002411,2025-04-01,PRJ-0198, CON-057 ,Delivery,46.3,Billable,Yes
TMS-002412,2025-10-01,PRJ-0198,CON-047,Client Workshop,64.2,Billable,Yes
TMS-002413,2025-10-01,PRJ-0198,CON-053,Client Workshop,75.9,Billable,Yes
TMS-002414,2025-07-01,PRJ-0198,CON-057,Analysis,28.6,Billable,Yes
TMS-002415,2025-04-01,PRJ-0198,CON-056,Sales Support,188.5,Non-Billable,Yes
TMS-002416,2025-06-01,PRJ-0198,CON-047,Delivery,69.2,Billable,Yes
TMS-002417,2024-04-01,PRJ-0199,CON-054,Delivery,117.6,Billable,Yes
TMS-002418,2024-05-01,PRJ-0199,CON-075,Delivery,26.9,Billable,Yes
TMS-002419,2024-06-01,PRJ-0199,CON-069,Analysis,93.4,Billable,Yes
TMS-002420,2024-05-01,PRJ-0199,CON-075,QA Review,182.1,Billable,Yes
TMS-002421,2024-04-01,PRJ-0199,CON-054,Delivery,44.4,Billable,Yes
TMS-002422,2024-05-01,PRJ-0199,con-075 ,Analysis,179,Billable,Yes
TMS-002423,2024-05-01,PRJ-0199,CON-075,QA Review,24.5,Billable,Yes
TMS-002424,2024-05-01,PRJ-0199,CON-054,QA Review,30.3,Billable,Yes
TMS-002425,2024-05-01,PRJ-0199,CON-069,Client Workshop,125.9,Billable,Yes
TMS-002426,2024-04-01,PRJ-0199,CON-054,Delivery,173.4,,Yes
TMS-002427,2024-04-01,PRJ-0199,CON-069,Client Workshop,43.6,Billable,Yes
TMS-002428,2024-05-01,PRJ-0199,CON-054,QA Review,12.5,Billable,Yes
TMS-002429,2024-05-01,PRJ-0199,CON-069,Analysis,177.8,,Yes
TMS-002430,2024-05-01,PRJ-0199,CON-069,Delivery,12.5,,Yes
TMS-002431,2023-04-01,PRJ-0200,CON-036,Analysis,115.7,Billable,Yes
TMS-002432,2023-03-01,PRJ-0200,CON-036,Delivery,58,Billable,Yes
TMS-002433,2023-04-01,PRJ-0200,CON-022,Client Workshop,21.9,Billable,Yes
TMS-002434,2023-04-01,PRJ-0200,CON-022,Admin,14.1,Non-Billable,Yes
TMS-002435,2023-04-01,PRJ-0200,CON-022,Analysis,139.5,Billable,Yes
TMS-002436,2023-03-01,PRJ-0200,CON-036,Client Workshop,133,Billable,Yes
TMS-002437,2023-03-01,PRJ-0200,CON-036,Analysis,170.2,Billable,Yes
TMS-002438,2023-02-01,PRJ-0200,CON-036,Delivery,61.3,Billable,Yes
TMS-002439,2023-04-01,PRJ-0200,CON-022,Delivery,37.2,Billable,No
TMS-002440,2023-04-01,PRJ-0200,CON-022,Delivery,22,,Yes
TMS-002441,2023-03-01,PRJ-0200,CON-036,Analysis,99.3,Billable,Yes
TMS-002442,2023-02-01,PRJ-0200,CON-022,Delivery,154.3,Billable,Yes
TMS-002443,2023-04-01,PRJ-0200,CON-022,Admin,117.5,,Yes
TMS-002444,2023-04-01,PRJ-0200,CON-036,Delivery,38.7,Billable,Yes
TMS-002445,2023-03-01,PRJ-0200,CON-036,Delivery,74,Billable,Yes
TMS-002446,2023-02-01,PRJ-0200,CON-036,Delivery,50.5,Billable,Yes
TMS-002447,2023-04-01,PRJ-0200,CON-022,Delivery,117.6,Billable,Yes
TMS-002448,2023-04-01,PRJ-0200,CON-036,Delivery,55.7,Billable,Yes
TMS-002449,2024-08-01,PRJ-0201,CON-021,Client Workshop,22,Billable,Yes
TMS-002450,2024-06-01,PRJ-0201,CON-065,Client Workshop,47.3,Billable,Yes
TMS-002451,2024-09-01,PRJ-0201,CON-056,Analysis,57.1,Billable,Yes
TMS-002452,2024-06-01,PRJ-0201,CON-056,Delivery,191.4,Billable,Yes
TMS-002453,2024-07-01,PRJ-0201,CON-065,Delivery,150.4,Billable,Yes
TMS-002454,2024-08-01,PRJ-0201,CON-056,Delivery,95.2,Billable,Yes
TMS-002455,2024-08-01,PRJ-0201,CON-056,Delivery,135.8,Billable,Yes
TMS-002456,2024-05-01,PRJ-0201,CON-021,Analysis,25.4,Billable,Yes
TMS-002457,2024-10-01,PRJ-0201,CON-056,Client Workshop,2,Billable,Yes
TMS-002458,2023-07-01,PRJ-0202,CON-048,Admin,58.7,Non-Billable,No
TMS-002459,2023-07-01,PRJ-0202,CON-076,Delivery,79.5,Billable,Yes
TMS-002460,2023-07-01,PRJ-0202,CON-048,Analysis,118.6,Billable,Yes
TMS-002461,2023-07-01,PRJ-0202,CON-076,Admin,92.8,Non-Billable,Yes
TMS-002462,2023-07-01,PRJ-0202,CON-019,Delivery,66.3,Billable,Yes
TMS-002463,2023-06-01,PRJ-0202,CON-048,Analysis,184.2,Billable,Yes
TMS-002464,2023-07-01,PRJ-0202,CON-076,Analysis,138,Billable,Yes
TMS-002465,2023-07-01,PRJ-0202,CON-019,Client Workshop,183.9,Billable,Yes
TMS-002466,2023-07-01,PRJ-0202,CON-048,QA Review,46.3,Billable,Yes
TMS-002467,2023-07-01,PRJ-0202,CON-019,Delivery,186.5,Billable,Yes
TMS-002468,2023-07-01,PRJ-0202,CON-048,Delivery,191.7,Billable,Yes
TMS-002469,2023-06-01,PRJ-0202,CON-076,Client Workshop,81.6,Billable,Yes
TMS-002470,2024-05-01,PRJ-0203,CON-077,Sales Support,190,Non-Billable,No
TMS-002471,2024-06-01,PRJ-0203,CON-011,Delivery,154.2,Billable,Yes
TMS-002472,2024-04-01,PRJ-0203,CON-077,Delivery,108.1,Billable,Yes
TMS-002473,2024-04-01,PRJ-0203,CON-061,QA Review,179.1,Billable,Yes
TMS-002474,2024-02-01,PRJ-0203,CON-077,Delivery,12.7,Billable,Yes
TMS-002475,2024-03-01,PRJ-0203,CON-061,Delivery,60.4,Billable,Yes
TMS-002476,2024-05-01,PRJ-0203,CON-011,Analysis,134.4,Billable,Yes
TMS-002477,2024-02-01,PRJ-0203,CON-077,QA Review,200,Billable,Yes
TMS-002478,2024-03-01,PRJ-0203,CON-061,Delivery,134.3,Billable,Yes
TMS-002479,2024-05-01,PRJ-0203,CON-011,Delivery,98.5,Billable,Yes
TMS-002480,2024-03-01,PRJ-0203,CON-077,Analysis,69.4,Billable,Yes
TMS-002481,2024-04-01,PRJ-0203,CON-077,Sales Support,199.9,Non-Billable,Yes
TMS-002482,2024-05-01,PRJ-0203,CON-011,Delivery,21,Billable,Yes
TMS-002483,2024-06-01,PRJ-0203,CON-077,Delivery,90.8,Billable,Yes
TMS-002484,2024-04-01,PRJ-0203,CON-011,Analysis,32.5,Billable,Yes
TMS-002485,2024-02-01,PRJ-0203,CON-077,Delivery,29.5,Billable,Yes
TMS-002486,2024-05-01,PRJ-0203,CON-011,Analysis,86.1,Billable,Yes
TMS-002487,2024-03-01,PRJ-0203,CON-077,Analysis,67.5,Billable,Yes
TMS-002488,2024-04-01,PRJ-0203,CON-011,Internal Training,85.8,Non-Billable,Yes
TMS-002489,2024-05-01,PRJ-0203,CON-061,Analysis,32.8,Billable,Yes
TMS-002490,2024-05-01,PRJ-0203,CON-011,QA Review,26.6,Billable,Yes
TMS-002491,2024-05-01,PRJ-0203,CON-011,Client Workshop,102.6,Billable,Yes
TMS-002492,2024-05-01,PRJ-0203,CON-077,Analysis,86.2,Billable,Yes
TMS-002493,2024-06-01,PRJ-0203,CON-077,Delivery,28.1,Billable,Yes
TMS-002494,2024-05-01,PRJ-0203,CON-011,Delivery,121.3,Billable,Yes
TMS-002495,2024-06-01,PRJ-0203,CON-011,Delivery,8.3,Billable,Yes
TMS-002496,2025-03-01,PRJ-0204,CON-059,Admin,197.6,Non-Billable,Yes
TMS-002497,2025-05-01,PRJ-0204,CON-064,QA Review,117.2,Billable,Yes
TMS-002498,2025-05-01,PRJ-0204,CON-059,Delivery,88.5,Billable,Yes
TMS-002499,2025-03-01,PRJ-0204,CON-064,Delivery,125.1,Billable,Yes
TMS-002500,2025-01-01,PRJ-0204,CON-059,QA Review,100.5,Billable,No
TMS-002501,2025-02-01,PRJ-0204,CON-059,Client Workshop,23,Billable,Yes
TMS-002502,2025-01-01,PRJ-0204,CON-059,Analysis,137.5,Billable,Yes
TMS-002503,2025-04-01,PRJ-0204,CON-064,Analysis,121.3,Billable,Yes
TMS-002504,2025-01-01,PRJ-0204,CON-059,Delivery,43.2,Billable,Yes
TMS-002505,2025-02-01,PRJ-0204,CON-059,Sales Support,66,Non-Billable,Yes
TMS-002506,2025-05-01,PRJ-0204,CON-059,Internal Training,157.7,Non-Billable,Yes
TMS-002507,2025-05-01,PRJ-0204,CON-059,Admin,33.8,Non-Billable,Yes
TMS-002508,2025-01-01,PRJ-0204,CON-064,Analysis,95.1,Billable,Yes
TMS-002509,2025-01-01,PRJ-0204,CON-064,Delivery,193.1,Billable,Yes
TMS-002510,2025-03-01,PRJ-0204,CON-064,Client Workshop,103.9,Billable,Yes
TMS-002511,2025-05-01,PRJ-0204,CON-064,Client Workshop,85.7,Billable,Yes
TMS-002512,2025-02-01,PRJ-0204,CON-059,Delivery,146.6,Billable,Yes
TMS-002513,2025-02-01,PRJ-0204,CON-064,Delivery,100.8,Billable,Yes
TMS-002514,2025-04-01,PRJ-0204,CON-059,QA Review,199.2,Billable,Yes
TMS-002515,2025-04-01,PRJ-0204,CON-064,Client Workshop,59.6,Billable,Yes
TMS-002516,2025-05-01,prj-0204,CON-064,Delivery,161,Billable,Yes
TMS-002517,2025-03-01,PRJ-0204,CON-064,Delivery,59.8,Billable,Yes
TMS-002518,2025-03-01,PRJ-0204,CON-059,Delivery,171.8,Billable,Yes
TMS-002519,2024-02-01,PRJ-0205,CON-019,Delivery,192.7,Billable,Yes
TMS-002520,2024-04-01,PRJ-0205,CON-019,Delivery,30.7,Billable,Yes
TMS-002521,2024-11-01,PRJ-0206,CON-069,Analysis,44.3,Billable,Yes
TMS-002522,2024-11-01,PRJ-0206,CON-069,Delivery,55.1,Billable,Yes
TMS-002523,2024-08-01,PRJ-0206,CON-017,Delivery,166.4,Billable,Yes
TMS-002524,2024-11-01,PRJ-0206,CON-069,Delivery,14.6,Billable,Yes
TMS-002525,2024-10-01,PRJ-0206,CON-017,Admin,169.8,Non-Billable,Yes
TMS-002526,2024-08-01,PRJ-0206,CON-017,Analysis,25.5,Billable,Yes
TMS-002527,2024-08-01,PRJ-0206,CON-017,Delivery,47,Billable,Yes
TMS-002528,2024-10-01,PRJ-0206,CON-069,Delivery,132.2,Billable,Yes
TMS-002529,2024-11-01,PRJ-0206,CON-069,QA Review,137.2,Billable,Yes
TMS-002530,2024-08-01,PRJ-0206,CON-017,Analysis,169.1,Billable,Yes
TMS-002531,2024-08-01,PRJ-0206,CON-017,Delivery,36.6,Billable,Yes
TMS-002532,2024-10-01,PRJ-0206,CON-069,Delivery,130.4,Billable,Yes
TMS-002533,2024-10-01,PRJ-0206,CON-069,Delivery,125.3,Billable,Yes
TMS-002534,2024-09-01,PRJ-0206,CON-017,Sales Support,24.5,Non-Billable,No
TMS-002535,2024-09-01,PRJ-0206,CON-069,Delivery,143.5,Billable,Yes
TMS-002536,2024-09-01,PRJ-0206,CON-069,Delivery,19.7,Billable,Yes
TMS-002537,2024-09-01,PRJ-0206,CON-069,Delivery,105.9,Billable,Yes
TMS-002538,2024-08-01,PRJ-0206,CON-017,Delivery,150.6,Billable,Yes
TMS-002539,2024-10-01,PRJ-0206,CON-069,QA Review,15.2,Billable,Yes
TMS-002540,2024-09-01,PRJ-0206 ,CON-069,Analysis,2,Billable,Yes
TMS-002541,2025-11-01, PRJ-0207 ,CON-059,Delivery,190.8,Billable,Yes
TMS-002542,2025-10-01,PRJ-0207,CON-055,Delivery,33.2,Billable,No
TMS-002543,2025-12-01,PRJ-0207,CON-059,Delivery,149.9,Billable,Yes
TMS-002544,2025-10-01,PRJ-0207,CON-055,Delivery,123.5,Billable,Yes
TMS-002545,2025-12-01,PRJ-0207,CON-055,Client Workshop,167.4,Billable,Yes
TMS-002546,2025-12-01,PRJ-0207,CON-055,Delivery,12.5,Billable,Yes
TMS-002547,2025-11-01,PRJ-0207,CON-059,Admin,40.9,Non-Billable,Yes
TMS-002548,2025-12-01,PRJ-0207,CON-059,Analysis,191.8,Billable,Yes
TMS-002549,2025-12-01,PRJ-0207,CON-059,Analysis,94,Billable,Yes
TMS-002550,2025-10-01,PRJ-0207,CON-059,Delivery,16.1,Billable,Yes
TMS-002551,2025-04-01,PRJ-0208,CON-063,Client Workshop,153.7,Billable,Yes
TMS-002552,2025-04-01,PRJ-0208,CON-059,Delivery,51.1,Billable,Yes
TMS-002553,2025-04-01,PRJ-0208,CON-040,Delivery,137.3,Billable,Yes
TMS-002554,2025-03-01,PRJ-0208,CON-063,Client Workshop,81.8,Billable,Yes
TMS-002555,2025-03-01,PRJ-0208,CON-063,Delivery,192.6,Billable,Yes
TMS-002556,2025-04-01,PRJ-0208,CON-063,Sales Support,70.8,Non-Billable,Yes
TMS-002557,2025-05-01,PRJ-0208,CON-063,Delivery,32.9,Billable,Yes
TMS-002558,2025-06-01,PRJ-0208,CON-059,Analysis,51.9,Billable,Yes
TMS-002559,2025-05-01,PRJ-0208,CON-063,Analysis,6.2,Billable,Yes
TMS-002560,2025-05-01,PRJ-0208,CON-059,Delivery,2,Billable,Yes
TMS-002561,2024-08-01,PRJ-0209,CON-053,Delivery,35.2,Billable,Yes
TMS-002562,2024-08-01,PRJ-0209,CON-053,QA Review,25.5,Billable,Yes
TMS-002563,2024-08-01,PRJ-0209,CON-047,Delivery,119,Billable,Yes
TMS-002564,2024-08-01,PRJ-0209,CON-065,Delivery,186.5,Billable,Yes
TMS-002565,2024-08-01,PRJ-0209,CON-047,QA Review,72.8,Billable,Yes
TMS-002566,2024-08-01,PRJ-0209,CON-065,Delivery,177.2,Billable,Yes
TMS-002567,2024-07-01,prj-0209,CON-056,Delivery,175,Billable,Yes
TMS-002568,2024-07-01,PRJ-0209,CON-053,Delivery,87.4,Billable,Yes
TMS-002569,2024-08-01,PRJ-0209,CON-065,Analysis,79,,Yes
TMS-002570,2024-08-01,PRJ-0209,CON-053,Analysis,122.3,Billable,Yes
TMS-002571,2024-08-01,PRJ-0209,CON-047,Delivery,98,Billable,Yes
TMS-002572,2024-07-01,PRJ-0209,CON-047,Delivery,171.7,Billable,Yes
TMS-002573,2024-08-01,PRJ-0209,CON-065,Client Workshop,134.8,Billable,Yes
TMS-002574,2024-07-01,PRJ-0209,CON-065,Delivery,59.2,Billable,Yes
TMS-002575,2024-08-01,PRJ-0209,CON-065,Sales Support,87.8,Non-Billable,Yes
TMS-002576,2024-08-01,PRJ-0209,CON-065,Analysis,8.9,Billable,No
TMS-002577,2023-06-01,PRJ-0210,CON-046,Analysis,16.6,Billable,Yes
TMS-002578,2023-07-01,PRJ-0210,CON-046,Analysis,27.4,Billable,Yes
TMS-002579,2023-05-01,PRJ-0210,CON-032,Delivery,60.1,Billable,Yes
TMS-002580,2023-07-01,PRJ-0210,CON-032,Analysis,85.3,Billable,Yes
TMS-002581,2023-05-01,PRJ-0210,CON-046,Admin,141.6,Non-Billable,Yes
TMS-002582,2023-04-01,PRJ-0210,CON-032,Delivery,27.9,Billable,Yes
TMS-002583,2023-06-01,PRJ-0210,CON-046,Delivery,117.7,Billable,Yes
TMS-002584,2023-06-01,PRJ-0210,CON-032,QA Review,189.1,Billable,Yes
TMS-002585,2023-05-01,PRJ-0210,CON-032,Delivery,25.2,Billable,Yes
TMS-002586,2023-06-01,PRJ-0210,CON-046,Delivery,37.8,Billable,Yes
TMS-002587,2023-05-01,PRJ-0210,CON-046,Delivery,66.6,Billable,Yes
TMS-002588,2023-04-01,PRJ-0210,CON-032,Delivery,51.9,Billable,Yes
TMS-002589,2023-05-01, PRJ-0210,CON-032,Analysis,29.6,Billable,No
TMS-002590,2025-04-01,PRJ-0211,CON-006,Delivery,42.9,Billable,Yes
TMS-002591,2025-05-01,PRJ-0211,CON-006,Admin,118.9,Non-Billable,Yes
TMS-002592,2025-04-01,PRJ-0211,CON-006,Delivery,11.2,Billable,Yes
TMS-002593,2025-03-01,PRJ-0211,CON-072,Analysis,58.3,Billable,Yes
TMS-002594,2025-02-01,PRJ-0211, CON-072 ,Client Workshop,140.7,Billable,Yes
TMS-002595,2025-02-01,PRJ-0211,CON-072,Delivery,88.4,Billable,Yes
TMS-002596,2025-02-01,PRJ-0211,CON-006,Admin,65.3,Non-Billable,Yes
TMS-002597,2025-03-01,PRJ-0211,CON-072,Sales Support,139.4,Non-Billable,Yes
TMS-002598,2025-03-01,PRJ-0211,CON-072,Analysis,171.3,Billable,Yes
TMS-002599,2025-02-01,PRJ-0211,CON-006,Client Workshop,113.9,Billable,Yes
TMS-002600,2025-03-01,PRJ-0211,CON-072,Analysis,100.7,Billable,Yes
TMS-002601,2025-02-01,PRJ-0211,CON-006,Analysis,78,Billable,Yes
TMS-002602,2025-04-01,PRJ-0211,con-006,Delivery,85.4,Billable,Yes
TMS-002603,2025-04-01,PRJ-0211,CON-006,QA Review,54.1,Billable,Yes
TMS-002604,2025-03-01,PRJ-0211,CON-072,Client Workshop,112.5,Billable,Yes
TMS-002605,2025-02-01,PRJ-0211,CON-006,Delivery,26.3,Billable,Yes
TMS-002606,2025-04-01,PRJ-0211,CON-006,Delivery,180.7,Billable,Yes
TMS-002607,2025-03-01,PRJ-0211,CON-072,Client Workshop,35.5,Billable,Yes
TMS-002608,2025-04-01,PRJ-0211,CON-072,Delivery,53.3,Billable,Yes
TMS-002609,2025-05-01,PRJ-0211,CON-072,Delivery,50.9,Billable,Yes
TMS-002610,2025-04-01,PRJ-0211,CON-072,Client Workshop,114.3,,Yes
TMS-002611,2025-02-01,PRJ-0211,CON-006,Analysis,110.8,,Yes
TMS-002612,2025-04-01,PRJ-0211,CON-006,Delivery,43.3,Billable,Yes
TMS-002613,2025-03-01,PRJ-0211,CON-006,QA Review,67.1,Billable,Yes
TMS-002614,2025-02-01,PRJ-0211,CON-006,Delivery,13.8,Billable,Yes
TMS-002615,2025-12-01,PRJ-0212,CON-040,QA Review,200,Billable,Yes
TMS-002616,2025-12-01,PRJ-0212,CON-040,QA Review,118.9,Billable,Yes
TMS-002617,2025-12-01,PRJ-0212,CON-040,Analysis,74.3,Billable,Yes
TMS-002618,2025-12-01,PRJ-0212,CON-040,Delivery,70.2,Billable,Yes
TMS-002619,2025-06-01,PRJ-0213,CON-007,QA Review,196.9,Billable,Yes
TMS-002620,2025-06-01,PRJ-0213,CON-007,Internal Training,122.1,Non-Billable,Yes
TMS-002621,2025-06-01,PRJ-0213,CON-007,Delivery,61.9,Billable,Yes
TMS-002622,2025-07-01,PRJ-0213,CON-038,Client Workshop,59.2,Billable,Yes
TMS-002623,2025-05-01,PRJ-0213,CON-007,Client Workshop,32.4,Billable,Yes
TMS-002624,2024-02-01,PRJ-0214,CON-067,Analysis,64.9,Billable,No
TMS-002625,2024-02-01,PRJ-0214,CON-059,Analysis,117.2,,Yes
TMS-002626,2023-12-01,PRJ-0214,CON-067,Delivery,27.4,Billable,No
TMS-002627,2024-01-01,PRJ-0214,CON-067,Delivery,89.7,Billable,Yes
TMS-002628,2024-01-01,PRJ-0214,CON-030,Delivery,145.9,Billable,Yes
TMS-002629,2023-12-01,PRJ-0214,CON-067,Delivery,156.2,Billable,Yes
TMS-002630,2023-12-01,PRJ-0214,CON-067,Client Workshop,160.9,Billable,Yes
TMS-002631,2023-12-01,PRJ-0214,CON-059,Analysis,18.1,Billable,Yes
TMS-002632,2024-02-01,PRJ-0214,CON-030,Delivery,9.9,Billable,Yes
TMS-002633,2024-01-01,PRJ-0214,CON-067,Delivery,2,Billable,Yes
TMS-002634,2023-12-01,PRJ-0215,CON-045,Delivery,74.3,Billable,Yes
TMS-002635,2023-11-01,PRJ-0215,CON-045,Analysis,153.2,Billable,Yes
TMS-002636,2023-10-01,PRJ-0215,CON-006,Admin,89.5,Non-Billable,Yes
TMS-002637,2023-07-01,PRJ-0215,CON-006,Delivery,138.4,Billable,Yes
TMS-002638,2023-07-01,PRJ-0215,CON-006,Sales Support,32.2,Non-Billable,Yes
TMS-002639,2023-09-01,PRJ-0215,CON-045,QA Review,57.7,Billable,Yes
TMS-002640,2023-05-01,PRJ-0215,CON-006,Delivery,120.2,Billable,Yes
TMS-002641,2023-06-01,PRJ-0215,CON-006,Delivery,74.5,Billable,Yes
TMS-002642,2023-08-01,PRJ-0215,CON-006,Delivery,125,Billable,Yes
TMS-002643,2023-10-01,PRJ-0215,CON-006,QA Review,145.6,Billable,Yes
TMS-002644,2023-10-01,PRJ-0215,CON-045,Analysis,90.6,Billable,Yes
TMS-002645,2023-06-01,PRJ-0216,CON-057,Analysis,118.3,Billable,Yes
TMS-002646,2023-06-01,PRJ-0216,CON-047,Analysis,176.6,Billable,Yes
TMS-002647,2023-07-01,PRJ-0216,CON-018,Delivery,159.2,Billable,Yes
TMS-002648,2023-07-01,PRJ-0216,CON-057,Delivery,161.7,Billable,Yes
TMS-002649,2023-06-01,PRJ-0216,CON-057,Sales Support,59.6,Non-Billable,Yes
TMS-002650,2023-07-01,PRJ-0216,CON-018,Delivery,32.4,Billable,Yes
TMS-002651,2023-07-01,PRJ-0216,CON-057,Delivery,173.1,Billable,Yes
TMS-002652,2023-06-01,PRJ-0216,CON-057,Admin,116.2,Non-Billable,Yes
TMS-002653,2023-07-01,PRJ-0216,CON-047,QA Review,110.4,Billable,Yes
TMS-002654,2023-06-01,PRJ-0216,CON-047,Delivery,137.1,Billable,Yes
TMS-002655,2023-06-01,PRJ-0216,CON-047,Delivery,94.4,Billable,Yes
TMS-002656,2023-06-01,PRJ-0216,CON-018,Delivery,29.5,Billable,Yes
TMS-002657,2023-07-01,PRJ-0216,CON-057,Delivery,56.9,Billable,Yes
TMS-002658,2023-07-01,PRJ-0216 ,CON-047,Delivery,186.8,Billable,Yes
TMS-002659,2023-07-01,PRJ-0216,CON-057,Analysis,13.9,Billable,Yes
TMS-002660,2025-05-01,PRJ-0217,CON-032,Delivery,33.6,Billable,Yes
TMS-002661,2025-05-01,PRJ-0217,CON-075,Analysis,18.5,Billable,Yes
TMS-002662,2024-07-01,PRJ-0218,CON-046,Delivery,24.4,Billable,Yes
TMS-002663,2024-07-01,PRJ-0218,CON-046,Admin,172.1,Non-Billable,Yes
TMS-002664,2024-06-01,PRJ-0218,CON-033,Analysis,79.8,Billable,Yes
TMS-002665,2024-05-01,PRJ-0218,CON-033,Delivery,15.3,Billable,Yes
TMS-002666,2024-08-01,PRJ-0218,CON-046,Delivery,104.4,Billable,Yes
TMS-002667,2024-06-01,PRJ-0218,CON-046,Analysis,49,,Yes
TMS-002668,2024-05-01,PRJ-0218,CON-033,Delivery,153.2,Billable,Yes
TMS-002669,2024-08-01,PRJ-0218,CON-075,Admin,196.8,Non-Billable,Yes
TMS-002670,2025-12-01,PRJ-0219,CON-077,Sales Support,74.9,Non-Billable,Yes
TMS-002671,2025-10-01,PRJ-0219,CON-048,Delivery,89,Billable,Yes
TMS-002672,2025-11-01,PRJ-0219,CON-077,Delivery,69.1,Billable,Yes
TMS-002673,2025-10-01,PRJ-0219,CON-048,Analysis,31.5,Billable,Yes
TMS-002674,2025-11-01,PRJ-0219,CON-048,Admin,18,Non-Billable,Yes
TMS-002675,2025-11-01,PRJ-0219,CON-077,Sales Support,31.8,Non-Billable,Yes
TMS-002676,2025-11-01,PRJ-0219,CON-077,Delivery,15.7,Billable,Yes
TMS-002677,2023-10-01,PRJ-0220,CON-060,Analysis,188.2,Billable,Yes
TMS-002678,2023-10-01,PRJ-0220,CON-059,Delivery,126.2,Billable,Yes
TMS-002679,2023-12-01,PRJ-0220,CON-064,Delivery,157.1,Billable,Yes
TMS-002680,2023-12-01,PRJ-0220,CON-060,Admin,122.4,Non-Billable,Yes
TMS-002681,2023-11-01,PRJ-0220,CON-030,Delivery,54.9,Billable,Yes
TMS-002682,2023-09-01,PRJ-0220,CON-060,Delivery,120.8,Billable,Yes
TMS-002683,2023-10-01,PRJ-0220,CON-064,Sales Support,108.5,Non-Billable,Yes
TMS-002684,2023-11-01,PRJ-0220,CON-064,Delivery,184.8,Billable,Yes
TMS-002685,2023-10-01,PRJ-0220,CON-059,Analysis,101.5,Billable,Yes
TMS-002686,2023-09-01,PRJ-0220,CON-064,Analysis,181.9,Billable,Yes
TMS-002687,2023-12-01,PRJ-0220,CON-030,Delivery,17,Billable,Yes
TMS-002688,2023-10-01,PRJ-0220,CON-030,Delivery,92.8,Billable,No
TMS-002689,2023-12-01,PRJ-0220,CON-059,Analysis,161.7,Billable,Yes
TMS-002690,2023-12-01,PRJ-0220,CON-064,Client Workshop,87.4,Billable,Yes
TMS-002691,2024-01-01,PRJ-0220,CON-060,Client Workshop,114.8,,Yes
TMS-002692,2023-10-01,PRJ-0220,CON-030,Delivery,151.2,Billable,Yes
TMS-002693,2023-06-01,PRJ-0221,CON-036,Delivery,180.9,Billable,Yes
TMS-002694,2023-08-01,PRJ-0221,CON-036,Admin,83.8,Non-Billable,Yes
TMS-002695,2023-06-01,PRJ-0221,CON-036,Client Workshop,107.4,Billable,Yes
TMS-002696,2023-07-01,PRJ-0221,CON-041,Delivery,33.9,Billable,Yes
TMS-002697,2023-08-01,PRJ-0221,CON-041,Analysis,14.5,Billable,Yes
TMS-002698,2023-08-01,prj-0221 ,CON-078,Delivery,118.3,Billable,Yes
TMS-002699,2023-06-01,PRJ-0221,CON-041,Delivery,66.8,Billable,Yes
TMS-002700,2023-09-01,PRJ-0221,CON-043,Delivery,48.7,Billable,Yes
TMS-002701,2023-09-01,PRJ-0221,CON-078,Delivery,122.1,Billable,Yes
TMS-002702,2023-10-01,PRJ-0221,CON-043,Delivery,14.5,Billable,Yes
TMS-002703,2023-06-01,PRJ-0221,CON-041,Delivery,128.2,Billable,Yes
TMS-002704,2023-09-01,PRJ-0221,CON-036,Analysis,168.2,Billable,Yes
TMS-002705,2023-08-01,PRJ-0221,CON-078,Delivery,73.9,Billable,Yes
TMS-002706,2023-07-01,PRJ-0221,CON-036,Admin,182.7,Non-Billable,Yes
TMS-002707,2023-10-01,PRJ-0221,CON-041,Analysis,48.8,Billable,Yes
TMS-002708,2023-08-01,PRJ-0221,CON-043,Delivery,172.8,Billable,Yes
TMS-002709,2023-07-01,PRJ-0221,CON-041,Sales Support,143.2,Non-Billable,Yes
TMS-002710,2023-09-01,PRJ-0221,CON-036,Analysis,105,Billable,Yes
TMS-002711,2025-06-01,PRJ-0222,CON-048,Analysis,190.1,Billable,Yes
TMS-002712,2025-08-01,PRJ-0222,CON-003,Client Workshop,43.8,Billable,Yes
TMS-002713,2025-10-01,PRJ-0222,CON-003,Sales Support,154.6,Non-Billable,Yes
TMS-002714,2025-08-01,PRJ-0222,CON-003,Delivery,153.4,Billable,Yes
TMS-002715,2025-08-01,PRJ-0222,CON-077,Delivery,132.7,Billable,Yes
TMS-002716,2025-07-01,PRJ-0222,con-048,Delivery,20.7,Billable,Yes
TMS-002717,2025-09-01,PRJ-0222,CON-003,Delivery,82.4,Billable,Yes
TMS-002718,2025-06-01,PRJ-0222,CON-077,Delivery,129.6,Billable,Yes
TMS-002719,2025-06-01,PRJ-0222,CON-077,Delivery,78.9,Billable,Yes
TMS-002720,2025-06-01,PRJ-0222,CON-003,Delivery,64.4,Billable,Yes
TMS-002721,2025-10-01,PRJ-0222,CON-077,Delivery,127,Billable,Yes
TMS-002722,2025-09-01,PRJ-0222,CON-048,Delivery,23.8,Billable,Yes
TMS-002723,2025-10-01,PRJ-0222,CON-048,QA Review,101.4,Billable,Yes
TMS-002724,2025-09-01,PRJ-0222,CON-048,Internal Training,168.8,Non-Billable,Yes
TMS-002725,2025-07-01,PRJ-0222,CON-077,Delivery,88.5,Billable,Yes
TMS-002726,2025-07-01,PRJ-0222,CON-048,Delivery,192.3,Billable,Yes
TMS-002727,2025-06-01,PRJ-0222,CON-077,Delivery,12.3,Billable,Yes
TMS-002728,2025-08-01,PRJ-0222,CON-077,Admin,151.4,Non-Billable,Yes
TMS-002729,2025-06-01,PRJ-0222,CON-048,Admin,149,Non-Billable,Yes
TMS-002730,2025-10-01,PRJ-0222,CON-048,Client Workshop,170.8,Billable,Yes
TMS-002731,2025-07-01,PRJ-0222,CON-003,Sales Support,193.8,Non-Billable,Yes
TMS-002732,2025-02-01,PRJ-0223,CON-057,Analysis,89,Billable,Yes
TMS-002733,2025-02-01,PRJ-0223,CON-057,Delivery,172.3,Billable,No
TMS-002734,2025-01-01,PRJ-0223,CON-057,Delivery,14.8,Billable,Yes
TMS-002735,2025-03-01,PRJ-0223,CON-013,QA Review,38.7,Billable,Yes
TMS-002736,2025-02-01,PRJ-0223,CON-013,Delivery,68.8,Billable,Yes
TMS-002737,2025-04-01,PRJ-0223,CON-058,Analysis,105.4,Billable,Yes
TMS-002738,2025-04-01,PRJ-0223,CON-013,Delivery,21.6,Billable,Yes
TMS-002739,2025-01-01,PRJ-0223,CON-013,QA Review,18.3,Billable,Yes
TMS-002740,2025-03-01,PRJ-0223,CON-057,QA Review,118.4,Billable,Yes
TMS-002741,2025-03-01,PRJ-0223,CON-013,Analysis,93.9,Billable,Yes
TMS-002742,2025-02-01,PRJ-0223,CON-057,Delivery,158.9,,Yes
TMS-002743,2025-01-01,PRJ-0223,CON-057,Delivery,111.3,Billable,Yes
TMS-002744,2025-04-01,PRJ-0223,CON-058,Delivery,166.3,Billable,Yes
TMS-002745,2025-02-01,PRJ-0223,CON-013,Client Workshop,86.7,Billable,Yes
TMS-002746,2025-03-01,PRJ-0223,CON-057,Delivery,114.3,,Yes
TMS-002747,2025-02-01,PRJ-0223,CON-057,Sales Support,22.7,Non-Billable,Yes
TMS-002748,2025-04-01,PRJ-0223,CON-058,QA Review,143.4,Billable,Yes
TMS-002749,2025-02-01,PRJ-0223,CON-057 ,Analysis,94,Billable,Yes
TMS-002750,2025-04-01,PRJ-0223,CON-057,Analysis,19.9,Billable,Yes
TMS-002751,2025-02-01,PRJ-0223,CON-058,Client Workshop,180.7,Billable,No
TMS-002752,2025-02-01,PRJ-0223,CON-058,Delivery,70.5,Billable,Yes
TMS-002753,2025-04-01,PRJ-0223,CON-057,Analysis,47.5,Billable,Yes
TMS-002754,2025-11-01,PRJ-0224,CON-020,Client Workshop,23.1,Billable,Yes
TMS-002755,2025-11-01,PRJ-0224,CON-020,Internal Training,54.7,Non-Billable,Yes
TMS-002756,2025-11-01,PRJ-0224,CON-006,Delivery,60.7,Billable,Yes
TMS-002757,2025-11-01,PRJ-0224,CON-020,Analysis,195.9,Billable,Yes
TMS-002758,2025-11-01,PRJ-0224,CON-020,Delivery,12.9,,Yes
TMS-002759,2025-12-01,PRJ-0224,CON-006,Analysis,30.4,Billable,Yes
TMS-002760,2025-11-01,PRJ-0224,CON-020,Analysis,9.4,Billable,Yes
TMS-002761,2025-10-01,PRJ-0224,CON-020,Delivery,2,Billable,Yes
TMS-002762,2023-12-01,PRJ-0225,CON-066,Analysis,78.3,Billable,Yes
TMS-002763,2023-11-01,PRJ-0225,CON-066,Admin,67.1,Non-Billable,Yes
TMS-002764,2023-12-01,PRJ-0225,CON-015,Admin,74.5,Non-Billable,Yes
TMS-002765,2023-11-01,PRJ-0225,CON-015,Delivery,43.7,Billable,Yes
TMS-002766,2023-12-01,PRJ-0225,CON-066,Client Workshop,123.3,Billable,Yes
TMS-002767,2023-10-01,PRJ-0225,CON-039,QA Review,140.7,Billable,Yes
TMS-002768,2023-12-01,PRJ-0225,CON-039,Analysis,154.8,Billable,Yes
TMS-002769,2023-12-01,PRJ-0225,CON-066,Delivery,103.3,Billable,No
TMS-002770,2023-11-01,PRJ-0225,CON-066,Delivery,68.1,Billable,Yes
TMS-002771,2023-10-01,PRJ-0225,CON-066,Delivery,51.9,Billable,Yes
TMS-002772,2023-11-01,PRJ-0225,CON-066,Delivery,200,Billable,Yes
TMS-002773,2023-11-01,PRJ-0225,CON-015,Client Workshop,148.8,Billable,Yes
TMS-002774,2023-11-01,PRJ-0225,CON-066,Delivery,126.2,Billable,Yes
TMS-002775,2023-11-01,PRJ-0225,CON-066,Delivery,90.1,Billable,Yes
TMS-002776,2023-12-01,PRJ-0225,CON-039,Client Workshop,21.7,Billable,Yes
TMS-002777,2023-11-01,PRJ-0225,CON-039,Internal Training,162.6,Non-Billable,Yes
TMS-002778,2023-11-01,PRJ-0225,CON-015,Internal Training,16.9,Non-Billable,Yes
TMS-002779,2024-01-01,PRJ-0225,CON-066,Analysis,30.4,Billable,Yes
TMS-002780,2023-10-01,PRJ-0225,CON-015,Delivery,19.8,Billable,Yes
TMS-002781,2023-06-01,PRJ-0226,CON-005,Delivery,179.8,Billable,Yes
TMS-002782,2023-07-01,PRJ-0226,CON-052,Delivery,76.3,Billable,Yes
TMS-002783,2023-07-01,PRJ-0226,CON-052,Analysis,31.2,Billable,Yes
TMS-002784,2023-06-01,PRJ-0226,CON-038,Client Workshop,39.5,Billable,Yes
TMS-002785,2025-06-01,PRJ-0227,CON-014,Client Workshop,45.5,Billable,Yes
TMS-002786,2025-06-01,PRJ-0227,CON-022,QA Review,81,Billable,Yes
TMS-002787,2025-08-01,prj-0227,CON-022,Delivery,30.6,Billable,Yes
TMS-002788,2025-08-01,PRJ-0227,CON-022,Delivery,142.2,Billable,Yes
TMS-002789,2025-05-01,PRJ-0227,CON-022,Client Workshop,31,Billable,Yes
TMS-002790,2025-05-01,PRJ-0227,CON-014,Delivery,32.2,Billable,Yes
TMS-002791,2025-08-01,PRJ-0227,CON-036,Sales Support,181.6,Non-Billable,Yes
TMS-002792,2025-06-01,PRJ-0227,CON-015,Admin,88.4,Non-Billable,Yes
TMS-002793,2025-05-01,PRJ-0227,con-014,Delivery,118,Billable,Yes
TMS-002794,2025-08-01,PRJ-0227,CON-036,Delivery,140.6,Billable,Yes
TMS-002795,2025-07-01,PRJ-0227 ,CON-022,Analysis,91.9,Billable,Yes
TMS-002796,2025-07-01,PRJ-0227,CON-014,QA Review,38.3,Billable,Yes
TMS-002797,2025-08-01,PRJ-0227,CON-015,Analysis,103.9,Billable,Yes
TMS-002798,2025-05-01,PRJ-0227,CON-015,Sales Support,125.5,Non-Billable,Yes
TMS-002799,2025-08-01,PRJ-0227,CON-014,Delivery,110.7,Billable,Yes
TMS-002800,2025-06-01,PRJ-0227,CON-014,Analysis,110,Billable,Yes
TMS-002801,2025-08-01,PRJ-0227,CON-022,Delivery,43.7,Billable,Yes
TMS-002802,2025-09-01,PRJ-0227,CON-036,Client Workshop,24.7,Billable,No
TMS-002803,2025-07-01,PRJ-0227,CON-015,Client Workshop,60.6,Billable,Yes
TMS-002804,2024-08-01,PRJ-0228,CON-015,Delivery,79,Billable,Yes
TMS-002805,2024-08-01,PRJ-0228,CON-029,Delivery,14,Billable,Yes
TMS-002806,2024-08-01,PRJ-0228,CON-029,Analysis,31.5,Billable,Yes
TMS-002807,2024-08-01,PRJ-0228,CON-015,Delivery,23.4,Billable,No
TMS-002808,2024-07-01,PRJ-0228,CON-026,Analysis,14.5,Billable,Yes
TMS-002809,2024-08-01,PRJ-0228,CON-026,Delivery,13.7,Billable,Yes
TMS-002810,2023-05-01,PRJ-0229,CON-035,Analysis,82.4,Billable,Yes
TMS-002811,2023-04-01,PRJ-0229,CON-038,Delivery,45.8,Billable,Yes
TMS-002812,2023-03-01,PRJ-0229,CON-035,Analysis,151.7,Billable,Yes
TMS-002813,2023-05-01,PRJ-0229,CON-035,Delivery,52.8,Billable,Yes
TMS-002814,2023-07-01,PRJ-0229,CON-038,Analysis,79.5,Billable,Yes
TMS-002815,2023-05-01,PRJ-0229,CON-035,Sales Support,12.1,Non-Billable,Yes
TMS-002816,2023-04-01,PRJ-0229,CON-035,Analysis,162.1,Billable,Yes
TMS-002817,2023-03-01,PRJ-0229,CON-038,Delivery,162.6,Billable,Yes
TMS-002818,2023-07-01,PRJ-0229,CON-035,Analysis,112.5,Billable,Yes
TMS-002819,2023-06-01,PRJ-0229,CON-038,Sales Support,158.3,Non-Billable,Yes
TMS-002820,2023-04-01,PRJ-0229,CON-038,Analysis,101.9,Billable,Yes
TMS-002821,2023-05-01,PRJ-0229,CON-038,Admin,20.1,Non-Billable,Yes
TMS-002822,2023-07-01,PRJ-0230,CON-006,Sales Support,106.9,Non-Billable,Yes
TMS-002823,2023-03-01,PRJ-0230,CON-051,Analysis,160.6,Billable,Yes
TMS-002824,2023-05-01,PRJ-0230,con-023,Delivery,73.5,Billable,Yes
TMS-002825,2023-06-01,PRJ-0230,CON-042,Analysis,157.1,Billable,Yes
TMS-002826,2023-06-01,PRJ-0230,CON-006,Delivery,126.4,Billable,Yes
TMS-002827,2023-03-01,PRJ-0230,CON-051,QA Review,140.4,Billable,Yes
TMS-002828,2023-03-01,PRJ-0230,CON-042,Analysis,65.8,Billable,Yes
TMS-002829,2023-07-01,PRJ-0230,CON-051,Client Workshop,26.5,Billable,Yes
TMS-002830,2023-03-01,PRJ-0230,con-006,Delivery,61.9,Billable,Yes
TMS-002831,2023-03-01,PRJ-0230,CON-006,Analysis,12,Billable,Yes
TMS-002832,2023-03-01,PRJ-0230,CON-006,QA Review,124.3,Billable,Yes
TMS-002833,2023-06-01,PRJ-0230,CON-023,Analysis,61.2,Billable,Yes
TMS-002834,2023-05-01,PRJ-0230,CON-051,Client Workshop,183.1,Billable,Yes
TMS-002835,2023-06-01,PRJ-0230,CON-023,Admin,71.6,Non-Billable,Yes
TMS-002836,2023-05-01,PRJ-0230,CON-042,Delivery,134.3,Billable,Yes
TMS-002837,2023-03-01,PRJ-0230,CON-006,QA Review,145,Billable,Yes
TMS-002838,2023-04-01,PRJ-0230,CON-006,Delivery,178.5,Billable,Yes
TMS-002839,2023-06-01,PRJ-0230,CON-023,Delivery,46.7,Billable,Yes
TMS-002840,2023-06-01,PRJ-0230,CON-023,Analysis,90.9,Billable,Yes
TMS-002841,2023-04-01,PRJ-0230,CON-042,QA Review,174.5,Billable,Yes
TMS-002842,2023-04-01,PRJ-0230,CON-051,Delivery,17.5,Billable,Yes
TMS-002843,2023-03-01,PRJ-0230,CON-051,Sales Support,19.7,Non-Billable,Yes
TMS-002844,2023-03-01,PRJ-0230,CON-042,Delivery,22.2,Billable,Yes
TMS-002845,2023-04-01,PRJ-0230,CON-006,Admin,11,Non-Billable,Yes
TMS-002846,2023-03-01,PRJ-0230,CON-023,Client Workshop,2,Billable,Yes
TMS-002847,2024-07-01,PRJ-0231,CON-032,Delivery,92.1,Billable,Yes
TMS-002848,2025-01-01,PRJ-0231,CON-032,Delivery,143.7,Billable,Yes
TMS-002849,2024-11-01,PRJ-0231,CON-017,Delivery,102.6,Billable,Yes
TMS-002850,2024-11-01,PRJ-0231,CON-017,Delivery,120,Billable,Yes
TMS-002851,2024-10-01,PRJ-0231, CON-017 ,Client Workshop,94.4,Billable,Yes
TMS-002852,2024-10-01,PRJ-0231,CON-017,Delivery,109.1,Billable,Yes
TMS-002853,2024-09-01,PRJ-0231,CON-017,QA Review,74.5,,Yes
TMS-002854,2024-09-01,PRJ-0231,CON-032,Analysis,142.1,Billable,Yes
TMS-002855,2024-08-01,PRJ-0231,CON-032,Delivery,92.2,,Yes
TMS-002856,2024-07-01,PRJ-0231,CON-032,Delivery,124.4,Billable,Yes
TMS-002857,2025-01-01,PRJ-0231,CON-032,Delivery,159,Billable,Yes
TMS-002858,2024-08-01,PRJ-0231,CON-017,Admin,154.8,Non-Billable,Yes
TMS-002859,2024-12-01,PRJ-0231,CON-017,Client Workshop,59.7,Billable,Yes
TMS-002860,2024-07-01,PRJ-0231,CON-032,Analysis,173.1,Billable,Yes
TMS-002861,2024-08-01,PRJ-0231,CON-017,Delivery,197.2,Billable,Yes
TMS-002862,2024-08-01,PRJ-0231,CON-032,Delivery,20.5,Billable,Yes
TMS-002863,2024-08-01,PRJ-0231,CON-032,Delivery,2,Billable,Yes
TMS-002864,2025-02-01,PRJ-0232,CON-038,QA Review,49,Billable,Yes
TMS-002865,2025-02-01,PRJ-0232,CON-006,Delivery,170.6,Billable,No
TMS-002866,2025-02-01,PRJ-0232,CON-006,Delivery,143,Billable,Yes
TMS-002867,2025-01-01,PRJ-0232,CON-006,QA Review,13.6,Billable,Yes
TMS-002868,2025-01-01,PRJ-0232,CON-038,Admin,139.6,Non-Billable,Yes
TMS-002869,2025-02-01,PRJ-0232,CON-038,QA Review,24.6,Billable,Yes
TMS-002870,2025-01-01,PRJ-0232,CON-006,Analysis,88,Billable,No
TMS-002871,2025-02-01,PRJ-0232,CON-038,Internal Training,56.9,Non-Billable,Yes
TMS-002872,2025-02-01,PRJ-0232,CON-038,Delivery,64.9,Billable,Yes
TMS-002873,2025-01-01,PRJ-0232,con-038 ,Analysis,152.4,Billable,Yes
TMS-002874,2025-02-01,PRJ-0232,CON-038,Analysis,79,Billable,Yes
TMS-002875,2025-01-01,PRJ-0232,CON-038,Delivery,158.6,Billable,Yes
TMS-002876,2025-01-01,PRJ-0232,CON-038,Delivery,68.4,Billable,Yes
TMS-002877,2025-03-01,PRJ-0232,CON-038,QA Review,22.9,Billable,Yes
TMS-002878,2025-02-01,PRJ-0232,CON-038,Delivery,31.4,Billable,Yes
TMS-002879,2025-02-01,PRJ-0232,CON-038,Delivery,79.5,Billable,Yes
TMS-002880,2025-02-01,PRJ-0232,CON-038,Sales Support,84.5,Non-Billable,Yes
TMS-002881,2025-01-01,PRJ-0232,CON-006,Delivery,162.8,Billable,Yes
TMS-002882,2025-02-01,PRJ-0232,CON-006,QA Review,16.4,Billable,Yes
TMS-002883,2025-02-01,PRJ-0232,CON-006,Delivery,88.5,Billable,Yes
TMS-002884,2025-02-01,PRJ-0232,CON-038,Analysis,171.2,Billable,Yes
TMS-002885,2025-02-01,PRJ-0232,CON-038,Delivery,17.8,,Yes
TMS-002886,2025-01-01,PRJ-0232,CON-006,Delivery,90.4,Billable,Yes
TMS-002887,2025-08-01,PRJ-0233,CON-078,Delivery,102.9,Billable,Yes
TMS-002888,2025-06-01,PRJ-0233,CON-041,Internal Training,194.1,Non-Billable,Yes
TMS-002889,2025-07-01,PRJ-0233,CON-041,Delivery,174.2,Billable,Yes
TMS-002890,2025-07-01,PRJ-0233,CON-078,Delivery,164.4,Billable,Yes
TMS-002891,2025-07-01,PRJ-0233, CON-041 ,Analysis,77,Billable,Yes
TMS-002892,2025-07-01,PRJ-0233,CON-078,Client Workshop,17.6,Billable,Yes
TMS-002893,2024-06-01,PRJ-0234,CON-001,Analysis,136.9,Billable,Yes
TMS-002894,2024-07-01,PRJ-0234,CON-001,Delivery,92.1,Billable,Yes
TMS-002895,2024-07-01,PRJ-0234,CON-001,Delivery,77.7,,Yes
TMS-002896,2024-05-01,PRJ-0234,CON-001,Analysis,122.8,Billable,Yes
TMS-002897,2024-06-01,PRJ-0234,CON-077,Delivery,155.6,Billable,Yes
TMS-002898,2025-04-01,PRJ-0235,CON-043,Delivery,115.4,Billable,Yes
TMS-002899,2025-04-01,PRJ-0235,CON-022,Delivery,182.2,Billable,Yes
TMS-002900,2025-04-01,PRJ-0235,CON-039,Client Workshop,183.6,Billable,Yes
TMS-002901,2025-04-01,PRJ-0235,CON-043,Delivery,32.7,Billable,Yes
TMS-002902,2025-04-01,PRJ-0235,CON-022,Analysis,63.6,Billable,Yes
TMS-002903,2025-04-01,PRJ-0235,CON-022,Delivery,76.1,Billable,Yes
TMS-002904,2025-04-01,PRJ-0235,CON-022,Admin,141.5,Non-Billable,Yes
TMS-002905,2025-05-01,PRJ-0235,CON-037,Analysis,143.8,Billable,Yes
TMS-002906,2025-05-01,PRJ-0235,CON-037,Delivery,107.4,Billable,Yes
TMS-002907,2025-05-01,PRJ-0235,CON-022,Analysis,141.6,Billable,Yes
TMS-002908,2025-04-01,PRJ-0235,con-022,Sales Support,154.1,Non-Billable,Yes
TMS-002909,2025-04-01,PRJ-0235,CON-037,QA Review,50.8,Billable,Yes
TMS-002910,2025-04-01,PRJ-0235,CON-022,Delivery,55.4,Billable,Yes
TMS-002911,2025-04-01,PRJ-0235,CON-037,Delivery,188.4,Billable,Yes
TMS-002912,2025-03-01,PRJ-0235,CON-039,Client Workshop,186.3,Billable,Yes
TMS-002913,2025-04-01,PRJ-0235,con-043,Delivery,49.3,Billable,No
TMS-002914,2025-05-01,PRJ-0235,CON-039,Delivery,60.4,Billable,Yes
TMS-002915,2025-04-01,PRJ-0235,CON-037 ,Client Workshop,11.2,Billable,Yes
TMS-002916,2025-05-01,PRJ-0235,CON-022,Delivery,136.2,Billable,Yes
TMS-002917,2025-04-01,PRJ-0235,CON-037,Delivery,34.3,Billable,Yes
TMS-002918,2025-04-01,PRJ-0235,CON-043,Delivery,40.4,Billable,Yes
TMS-002919,2025-05-01,PRJ-0235,CON-037,QA Review,70.8,Billable,Yes
TMS-002920,2025-04-01,PRJ-0235,CON-022,Delivery,81.4,Billable,Yes
TMS-002921,2025-05-01,PRJ-0235,CON-039,Analysis,100.1,Billable,Yes
TMS-002922,2025-04-01,PRJ-0235,CON-043,Delivery,37.8,Billable,Yes
TMS-002923,2023-11-01,PRJ-0236,con-022 ,Analysis,115.6,Billable,Yes
TMS-002924,2023-12-01,PRJ-0236,CON-022,Sales Support,84.9,Non-Billable,Yes
TMS-002925,2024-03-01,PRJ-0236,CON-062,Delivery,182.3,Billable,Yes
TMS-002926,2024-03-01,PRJ-0236,CON-022,Sales Support,171.8,Non-Billable,Yes
TMS-002927,2024-01-01,PRJ-0236,CON-022,Admin,29.6,Non-Billable,Yes
TMS-002928,2023-12-01,PRJ-0236,CON-071,Client Workshop,188.6,Billable,Yes
TMS-002929,2023-12-01,PRJ-0236,CON-071,Analysis,64.4,Billable,Yes
TMS-002930,2024-04-01,PRJ-0236,CON-071,Internal Training,34.4,Non-Billable,Yes
TMS-002931,2024-02-01,PRJ-0236,CON-062,Delivery,154,Billable,Yes
TMS-002932,2023-11-01,PRJ-0236,CON-071,Admin,162.1,,Yes
TMS-002933,2024-02-01,PRJ-0236,CON-062,Client Workshop,124.3,Billable,Yes
TMS-002934,2024-03-01,PRJ-0236,CON-062,Delivery,155.1,Billable,Yes
TMS-002935,2023-12-01,PRJ-0236,CON-062,Sales Support,55.7,,Yes
TMS-002936,2024-03-01,PRJ-0236,CON-062,Analysis,80.4,Billable,Yes
TMS-002937,2024-03-01,PRJ-0236,CON-062,Delivery,33.3,Billable,Yes
TMS-002938,2023-09-01, PRJ-0237 ,CON-057,Admin,31.1,Non-Billable,Yes
TMS-002939,2023-09-01,PRJ-0237,CON-057,Delivery,164.9,Billable,Yes
TMS-002940,2023-08-01,PRJ-0237,CON-057,Delivery,68.1,Billable,Yes
TMS-002941,2023-08-01,PRJ-0237,CON-002,Delivery,46.2,Billable,Yes
TMS-002942,2023-09-01,PRJ-0237,CON-057,Delivery,90.6,Billable,Yes
TMS-002943,2023-09-01,PRJ-0237,CON-057,Sales Support,178.8,Non-Billable,Yes
TMS-002944,2023-09-01,PRJ-0237,CON-002,Delivery,40.5,Billable,Yes
TMS-002945,2023-09-01,PRJ-0237,CON-002,Delivery,35.6,Billable,Yes
TMS-002946,2023-08-01,PRJ-0237,CON-002,Delivery,144.9,Billable,Yes
TMS-002947,2023-09-01,PRJ-0237,CON-057,Delivery,152.4,Billable,Yes
TMS-002948,2023-08-01,PRJ-0237,CON-002,Delivery,98.8,Billable,Yes
TMS-002949,2023-09-01,PRJ-0237,CON-002,Delivery,124.7,Billable,Yes
TMS-002950,2023-09-01,PRJ-0237,CON-002,Delivery,100.7,Billable,Yes
TMS-002951,2023-09-01,PRJ-0237,CON-002,Analysis,187,Billable,Yes
TMS-002952,2023-09-01,PRJ-0237,CON-002,Client Workshop,22.4,Billable,Yes
TMS-002953,2025-02-01,PRJ-0238,CON-056,Client Workshop,163.7,Billable,Yes
TMS-002954,2025-02-01,PRJ-0238,CON-056,Sales Support,193.3,Non-Billable,Yes
TMS-002955,2025-03-01,PRJ-0238,CON-018,Analysis,174.2,Billable,Yes
TMS-002956,2025-02-01,PRJ-0238, CON-056,Client Workshop,117.9,Billable,Yes
TMS-002957,2025-02-01,PRJ-0238,CON-056,Sales Support,90.7,Non-Billable,Yes
TMS-002958,2025-02-01,PRJ-0238,CON-058,Internal Training,67.4,Non-Billable,Yes
TMS-002959,2025-03-01,PRJ-0238,CON-058,Delivery,164.6,Billable,Yes
TMS-002960,2025-02-01,PRJ-0238,CON-018,Delivery,23.3,Billable,Yes
TMS-002961,2025-02-01,PRJ-0238,CON-056,Delivery,39.5,Billable,Yes
TMS-002962,2025-02-01,PRJ-0238,CON-018,Delivery,85.1,Billable,Yes
TMS-002963,2023-07-01,PRJ-0239,CON-053,Delivery,23.1,Billable,Yes
TMS-002964,2023-06-01,PRJ-0239,CON-056,Sales Support,57.4,Non-Billable,Yes
TMS-002965,2023-06-01,PRJ-0239,CON-057,Delivery,121.1,Billable,Yes
TMS-002966,2023-06-01,PRJ-0239,CON-057,Delivery,162,Billable,Yes
TMS-002967,2023-06-01,PRJ-0239, CON-053,Internal Training,104.2,Non-Billable,Yes
TMS-002968,2023-05-01,PRJ-0239,CON-056,Delivery,169.1,Billable,Yes
TMS-002969,2023-06-01,PRJ-0239,CON-053,Delivery,176.1,Billable,Yes
TMS-002970,2023-07-01,PRJ-0239,con-056 ,Delivery,45.2,Billable,Yes
TMS-002971,2023-06-01,PRJ-0239,CON-053,Delivery,115.6,Billable,Yes
TMS-002972,2023-07-01,PRJ-0239,CON-057,Delivery,140.6,Billable,Yes
TMS-002973,2023-08-01,PRJ-0239,CON-053,Client Workshop,23.8,Billable,Yes
TMS-002974,2024-06-01,PRJ-0240,CON-036,Delivery,146.3,Billable,Yes
TMS-002975,2024-05-01,PRJ-0240,CON-041,Delivery,148.6,Billable,Yes
TMS-002976,2024-07-01,PRJ-0240,CON-014,Delivery,97.4,Billable,Yes
TMS-002977,2024-06-01,PRJ-0240,CON-036,Delivery,123.7,Billable,Yes
TMS-002978,2024-05-01,PRJ-0240,CON-036,Analysis,163.6,Billable,Yes
TMS-002979,2024-07-01,PRJ-0240,CON-014,Delivery,68,Billable,Yes
TMS-002980,2024-06-01,PRJ-0240,CON-036,Delivery,31.4,Billable,Yes
TMS-002981,2024-06-01,PRJ-0240,CON-041,Delivery,39.6,Billable,Yes
TMS-002982,2024-06-01,PRJ-0240,CON-014,Delivery,190.5,Billable,Yes
TMS-002983,2024-08-01,PRJ-0240,CON-036 ,Client Workshop,42.3,Billable,Yes
TMS-002984,2024-06-01,PRJ-0240,CON-014,Admin,33.6,,Yes
TMS-002985,2024-05-01,PRJ-0240,CON-078,Analysis,69.8,Billable,Yes
TMS-002986,2024-08-01,PRJ-0240,CON-014,Analysis,28.2,Billable,Yes
TMS-002987,2024-08-01,PRJ-0240,CON-041,Client Workshop,94.6,Billable,Yes
TMS-002988,2024-07-01,PRJ-0240,CON-014,Analysis,77.6,Billable,Yes
TMS-002989,2024-07-01,PRJ-0240,CON-041,Analysis,97.8,Billable,Yes
TMS-002990,2024-08-01,PRJ-0240,CON-014,Delivery,88.7,Billable,Yes
TMS-002991,2024-07-01,PRJ-0240,CON-041,Delivery,82.4,Billable,Yes
TMS-002992,2024-05-01,PRJ-0240,CON-014,Delivery,120.1,Billable,Yes
TMS-002993,2024-05-01,PRJ-0240,CON-014,Delivery,51,Billable,Yes
TMS-002994,2024-06-01,PRJ-0240,CON-041,Internal Training,91.7,Non-Billable,Yes
TMS-002995,2024-08-01,PRJ-0240,CON-078,Delivery,32.8,Billable,Yes
TMS-002996,2024-06-01,PRJ-0240,CON-036,Delivery,16.3,Billable,Yes
TMS-002997,2024-07-01,PRJ-0240,CON-041,Delivery,186.7,Billable,Yes
TMS-002998,2024-07-01,PRJ-0240,CON-041,Delivery,184.2,Billable,Yes
TMS-002999,2024-05-01,PRJ-0240,CON-014,Analysis,196.1,Billable,No
TMS-003000,2024-08-01,PRJ-0240,CON-041,Delivery,176.2,Billable,Yes
TMS-003001,2024-06-01,PRJ-0240,CON-078,Delivery,122.2,Billable,Yes
TMS-003002,2024-08-01,PRJ-0240,CON-014,Analysis,146.5,Billable,Yes
TMS-003003,2024-06-01,PRJ-0240,CON-014,Delivery,36.7,Billable,Yes
TMS-003004,2024-06-01,PRJ-0240,CON-041,Internal Training,18.7,Non-Billable,Yes
TMS-003005,2025-12-01,PRJ-0241,CON-044,Analysis,41.3,Billable,Yes
TMS-003006,2025-12-01,PRJ-0241,CON-029,Delivery,135.6,Billable,Yes
TMS-003007,2025-12-01,PRJ-0241,CON-044,Analysis,50.9,Billable,Yes
TMS-003008,2025-10-01,PRJ-0241,CON-006,Admin,94.3,Non-Billable,Yes
TMS-003009,2025-12-01,PRJ-0241,CON-044,Analysis,193.1,Billable,Yes
TMS-003010,2025-08-01,PRJ-0242,CON-067,Delivery,97.4,Billable,Yes
TMS-003011,2025-09-01,PRJ-0242,CON-059,Delivery,98.1,Billable,Yes
TMS-003012,2025-06-01,PRJ-0242,CON-067,Client Workshop,77.7,Billable,Yes
TMS-003013,2025-07-01,PRJ-0242,CON-063,Delivery,16.1,Billable,Yes
TMS-003014,2025-07-01,PRJ-0242,CON-059,Delivery,57.7,Billable,Yes
TMS-003015,2025-07-01,PRJ-0242,CON-067,Delivery,37.7,Billable,Yes
TMS-003016,2025-09-01,PRJ-0242,CON-063,Delivery,17.2,Billable,Yes
TMS-003017,2025-10-01,PRJ-0243,CON-023,Delivery,32.4,Billable,Yes
TMS-003018,2025-11-01,PRJ-0243,CON-048,Client Workshop,125.2,Billable,Yes
TMS-003019,2025-11-01,PRJ-0243,CON-023,Delivery,32.6,Billable,Yes
TMS-003020,2025-10-01,PRJ-0243,CON-019,Analysis,68.2,Billable,Yes
TMS-003021,2025-10-01,PRJ-0243,CON-023,Client Workshop,22.7,,Yes
TMS-003022,2024-11-01, PRJ-0244,CON-015,Sales Support,91.3,Non-Billable,Yes
TMS-003023,2024-08-01, PRJ-0244 ,CON-015,Client Workshop,70.3,Billable,Yes
TMS-003024,2024-08-01,PRJ-0244,CON-015,Client Workshop,72.3,Billable,Yes
TMS-003025,2024-09-01,PRJ-0244,CON-043,Admin,71.5,Non-Billable,Yes
TMS-003026,2024-10-01,PRJ-0244,CON-039,Analysis,154.2,Billable,Yes
TMS-003027,2024-11-01,PRJ-0244,CON-043,Delivery,24.4,Billable,Yes
TMS-003028,2024-11-01,PRJ-0244,CON-039,Delivery,121.6,Billable,No
TMS-003029,2025-01-01,PRJ-0244,CON-015,Delivery,73.3,Billable,Yes
TMS-003030,2024-11-01,PRJ-0244,CON-043,Analysis,199.9,Billable,Yes
TMS-003031,2024-08-01,PRJ-0244,CON-022,Sales Support,198.2,Non-Billable,Yes
TMS-003032,2025-02-01,PRJ-0244,CON-022,Analysis,66.2,Billable,Yes
TMS-003033,2024-10-01,PRJ-0244,CON-022,Client Workshop,96.9,Billable,Yes
TMS-003034,2024-09-01,PRJ-0244,CON-043,Admin,87.4,Non-Billable,Yes
TMS-003035,2024-08-01,PRJ-0244,CON-043,Analysis,90.8,Billable,Yes
TMS-003036,2024-09-01,PRJ-0244,CON-043,Delivery,72.6,Billable,Yes
TMS-003037,2025-01-01,PRJ-0244,CON-043,Delivery,154.9,Billable,Yes
TMS-003038,2024-09-01,PRJ-0244,CON-043,QA Review,15.7,Billable,Yes
TMS-003039,2024-09-01,PRJ-0244,CON-039,QA Review,103.4,Billable,Yes
TMS-003040,2024-12-01,PRJ-0244,CON-039,Analysis,84.4,Billable,Yes
TMS-003041,2025-01-01,PRJ-0244,CON-039,Analysis,46.3,Billable,Yes
TMS-003042,2024-10-01,PRJ-0244,CON-015,QA Review,61.7,Billable,Yes
TMS-003043,2024-10-01,PRJ-0244,CON-043,Delivery,139.8,Billable,Yes
TMS-003044,2025-01-01,PRJ-0244,CON-039,Sales Support,28.2,Non-Billable,Yes
TMS-003045,2024-06-01,PRJ-0245,CON-036,Client Workshop,183,Billable,Yes
TMS-003046,2024-07-01,PRJ-0245,CON-062,Internal Training,121.8,Non-Billable,Yes
TMS-003047,2024-06-01,PRJ-0245,CON-062,Delivery,42.2,Billable,Yes
TMS-003048,2024-08-01,PRJ-0245,CON-078,Admin,34.6,Non-Billable,Yes
TMS-003049,2024-05-01,PRJ-0245,CON-036,Admin,17.7,Non-Billable,Yes
TMS-003050,2024-07-01,PRJ-0245,CON-036,Delivery,149.5,Billable,Yes
TMS-003051,2024-08-01,PRJ-0245,CON-062,Analysis,22.6,Billable,Yes
TMS-003052,2024-07-01,PRJ-0245,CON-036,QA Review,18,Billable,Yes
TMS-003053,2024-06-01,PRJ-0246,CON-030,Analysis,102.4,Billable,Yes
TMS-003054,2024-04-01,PRJ-0246,CON-030,Client Workshop,115.4,Billable,Yes
TMS-003055,2024-04-01,PRJ-0246,CON-040,Delivery,157.7,Billable,Yes
TMS-003056,2024-06-01,PRJ-0246,CON-059,Analysis,90.8,Billable,Yes
TMS-003057,2024-03-01,PRJ-0246,CON-060,Client Workshop,15.8,Billable,Yes
TMS-003058,2023-06-01,PRJ-0247,CON-019,QA Review,103.4,Billable,Yes
TMS-003059,2023-06-01,PRJ-0247,CON-006,Client Workshop,123.4,Billable,Yes
TMS-003060,2023-07-01,PRJ-0247,CON-006,QA Review,81.7,Billable,Yes
TMS-003061,2023-07-01,PRJ-0247,CON-019,Sales Support,197.6,Non-Billable,Yes
TMS-003062,2023-07-01,PRJ-0247,CON-006,Delivery,49.4,Billable,Yes
TMS-003063,2023-07-01,PRJ-0247,CON-006,Delivery,51.6,Billable,Yes
TMS-003064,2023-07-01,PRJ-0247,CON-019,Sales Support,22.6,Non-Billable,Yes
TMS-003065,2025-05-01,PRJ-0248,CON-052,Admin,91.6,Non-Billable,Yes
TMS-003066,2025-04-01,PRJ-0248,CON-052,QA Review,72,Billable,Yes
TMS-003067,2025-06-01,PRJ-0248,CON-052,Delivery,90.2,Billable,Yes
TMS-003068,2025-07-01,PRJ-0248,CON-006,Analysis,96.4,Billable,No
TMS-003069,2025-07-01,PRJ-0248,CON-051,Delivery,195.2,Billable,Yes
TMS-003070,2025-04-01,PRJ-0248,CON-051,Delivery,60.9,Billable,Yes
TMS-003071,2025-03-01,PRJ-0248,CON-051,Delivery,113.2,Billable,Yes
TMS-003072,2025-04-01,PRJ-0248,CON-051,Delivery,59.1,Billable,Yes
TMS-003073,2025-07-01,PRJ-0248,CON-051,Analysis,163,Billable,Yes
TMS-003074,2025-07-01, PRJ-0248 ,CON-023,Delivery,135.8,Billable,Yes
TMS-003075,2025-04-01,PRJ-0248,CON-023 ,Analysis,161.4,Billable,Yes
TMS-003076,2025-03-01,PRJ-0248,CON-052,Delivery,96.7,Billable,Yes
TMS-003077,2025-06-01,PRJ-0248,CON-051,Analysis,97.6,Billable,Yes
TMS-003078,2025-03-01,PRJ-0248 ,CON-051,Client Workshop,72.1,Billable,Yes
TMS-003079,2025-05-01,PRJ-0248,CON-006,Sales Support,190.1,Non-Billable,Yes
TMS-003080,2025-04-01,PRJ-0248,CON-051,QA Review,46.8,Billable,Yes
TMS-003081,2024-10-01,PRJ-0249,CON-044,Sales Support,89,Non-Billable,Yes
TMS-003082,2024-10-01,PRJ-0249,CON-044,Client Workshop,50.3,Billable,Yes
TMS-003083,2024-10-01,PRJ-0249,CON-044,Analysis,24.3,Billable,Yes
TMS-003084,2024-07-01,PRJ-0249,CON-044,Delivery,198.2,Billable,Yes
TMS-003085,2024-07-01,PRJ-0249,CON-044,Analysis,64,Billable,Yes
TMS-003086,2024-07-01,PRJ-0249,CON-044,Analysis,110.1,Billable,Yes
TMS-003087,2024-12-01,PRJ-0249,CON-032,Delivery,54.3,Billable,Yes
TMS-003088,2024-11-01,PRJ-0249,CON-044,Delivery,97.6,Billable,Yes
TMS-003089,2024-12-01,PRJ-0249,CON-044,QA Review,176.5,Billable,Yes
TMS-003090,2024-12-01,PRJ-0249,CON-044,Delivery,157,Billable,Yes
TMS-003091,2024-08-01,PRJ-0249,CON-044,Analysis,14.2,Billable,Yes
TMS-003092,2024-07-01,PRJ-0249,CON-044,Client Workshop,73.7,Billable,Yes
TMS-003093,2024-09-01,PRJ-0249,CON-032,Delivery,136.9,Billable,Yes
TMS-003094,2024-08-01,PRJ-0249,CON-044,Delivery,63.9,Billable,Yes
TMS-003095,2024-09-01, PRJ-0249,CON-032,Sales Support,20.1,Non-Billable,Yes
TMS-003096,2024-10-01,PRJ-0249,CON-032,Delivery,95.3,Billable,Yes
TMS-003097,2024-11-01,PRJ-0249,CON-044,Delivery,179.1,Billable,Yes
TMS-003098,2024-08-01,PRJ-0249,CON-044,Delivery,131.1,Billable,Yes
TMS-003099,2024-11-01,PRJ-0249,CON-044,QA Review,34.2,Billable,Yes
TMS-003100,2024-07-01,PRJ-0249,CON-044,Analysis,161.6,Billable,Yes
TMS-003101,2024-05-01,PRJ-0250,CON-022,Delivery,165.8,Billable,Yes
TMS-003102,2024-05-01,PRJ-0250,CON-036,Delivery,87,Billable,Yes
TMS-003103,2024-05-01,PRJ-0250,CON-022,Delivery,185,Billable,Yes
TMS-003104,2024-09-01,PRJ-0250,CON-022,Delivery,162.7,Billable,Yes
TMS-003105,2025-05-01,PRJ-0251,CON-026,QA Review,188.6,Billable,Yes
TMS-003106,2025-04-01,PRJ-0251,CON-061,Delivery,72.8,Billable,Yes
TMS-003107,2025-02-01,PRJ-0251,CON-048,Analysis,159.4,Billable,Yes
TMS-003108,2024-11-01,PRJ-0251,CON-061,Delivery,164.4,Billable,Yes
TMS-003109,2025-01-01,PRJ-0251,CON-048,Analysis,103.8,Billable,No
TMS-003110,2025-01-01,PRJ-0251,CON-048,Admin,64.8,Non-Billable,Yes
TMS-003111,2025-04-01,PRJ-0251,CON-061,Delivery,68.4,Billable,Yes
TMS-003112,2024-12-01,PRJ-0251,CON-026,Delivery,2.3,Billable,Yes
TMS-003113,2024-03-01,PRJ-0252,CON-022,Internal Training,147.5,Non-Billable,Yes
TMS-003114,2024-02-01,PRJ-0252,CON-022 ,Delivery,135.6,Billable,Yes
TMS-003115,2024-03-01,PRJ-0252,CON-022,Analysis,90.8,Billable,Yes
TMS-003116,2024-02-01,PRJ-0252,CON-022,QA Review,126.7,Billable,Yes
TMS-003117,2024-02-01,PRJ-0252,CON-074,Delivery,46.1,Billable,Yes
TMS-003118,2024-03-01,PRJ-0252,CON-022,Client Workshop,64.7,Billable,Yes
TMS-003119,2024-02-01,PRJ-0252,CON-078,Admin,74.8,Non-Billable,Yes
TMS-003120,2024-02-01,PRJ-0252,CON-022,Sales Support,171.9,Non-Billable,Yes
TMS-003121,2024-02-01,PRJ-0252,CON-078,Internal Training,140.3,Non-Billable,Yes
TMS-003122,2024-03-01,PRJ-0252,CON-078,Delivery,166.8,,Yes
TMS-003123,2024-03-01,PRJ-0252,CON-078,Admin,197.6,Non-Billable,Yes
TMS-003124,2024-03-01,PRJ-0252,CON-074,Delivery,178,Billable,Yes
TMS-003125,2024-02-01,PRJ-0252,CON-074,QA Review,189.2,Billable,Yes
TMS-003126,2024-03-01,PRJ-0252,CON-074,QA Review,85.2,Billable,Yes
TMS-003127,2024-03-01,PRJ-0252,CON-078,Analysis,79.3,Billable,Yes
TMS-003128,2024-02-01, PRJ-0252,CON-078,Analysis,142.8,Billable,Yes
TMS-003129,2024-02-01,PRJ-0252,CON-078,Analysis,196.2,Billable,Yes
TMS-003130,2024-03-01,PRJ-0252,CON-022,Delivery,135,Billable,Yes
TMS-003131,2024-03-01,PRJ-0252,CON-078,Analysis,179.8,Billable,Yes
TMS-003132,2024-02-01,PRJ-0252,CON-074,Client Workshop,67.8,Billable,Yes
TMS-003133,2024-02-01,PRJ-0252,CON-022,Analysis,29.4,Billable,Yes
TMS-003134,2024-02-01,PRJ-0252,CON-074,Delivery,176.5,Billable,Yes
TMS-003135,2024-02-01,PRJ-0252,CON-078,Delivery,12.4,Billable,Yes
TMS-003136,2024-03-01,PRJ-0252,CON-022,Client Workshop,76.9,Billable,Yes
TMS-003137,2023-11-01,PRJ-0253,CON-073,QA Review,155.4,Billable,Yes
TMS-003138,2023-11-01,PRJ-0253,CON-016,Delivery,143,Billable,Yes
TMS-003139,2023-11-01,PRJ-0253,CON-032,Delivery,191.3,Billable,Yes
TMS-003140,2023-11-01,PRJ-0253,CON-032,Analysis,179.9,Billable,Yes
TMS-003141,2023-11-01,PRJ-0253,CON-016,Delivery,195.7,Billable,Yes
TMS-003142,2023-10-01,PRJ-0253,CON-073,Delivery,119.5,Billable,Yes
TMS-003143,2023-11-01,PRJ-0253, CON-073,Delivery,58.5,Billable,Yes
TMS-003144,2023-12-01,PRJ-0253,CON-016,Analysis,103.9,Billable,Yes
TMS-003145,2023-02-01,PRJ-0254,CON-022,Delivery,35.3,Billable,Yes
TMS-003146,2023-02-01,PRJ-0254,CON-071,Analysis,191.2,Billable,Yes
TMS-003147,2023-03-01,PRJ-0254,CON-066,Delivery,134.2,Billable,Yes
TMS-003148,2023-01-01,PRJ-0254,CON-071,Delivery,127.6,Billable,Yes
TMS-003149,2023-02-01,PRJ-0254,CON-066,Delivery,55.8,Billable,Yes
TMS-003150,2023-02-01,PRJ-0254,CON-071,Analysis,84.1,Billable,Yes
TMS-003151,2023-01-01,PRJ-0254,CON-066,Delivery,144.8,,Yes
TMS-003152,2023-02-01,PRJ-0254,CON-022,Analysis,10.4,,Yes
TMS-003153,2023-01-01,PRJ-0254,CON-071,Analysis,168.8,Billable,Yes
TMS-003154,2023-02-01,PRJ-0254,CON-066,Delivery,13.1,Billable,Yes
TMS-003155,2023-02-01,PRJ-0254,CON-071,Analysis,124.1,Billable,Yes
TMS-003156,2023-01-01,PRJ-0254,CON-066,QA Review,31.8,Billable,Yes
TMS-003157,2023-03-01,PRJ-0254,CON-022,Delivery,150,Billable,Yes
TMS-003158,2023-02-01,PRJ-0254,CON-071,Internal Training,101.7,Non-Billable,Yes
TMS-003159,2023-02-01,PRJ-0254,CON-022,Analysis,72.5,Billable,Yes
TMS-003160,2023-02-01,PRJ-0254,CON-022,Delivery,139,Billable,Yes
TMS-003161,2023-02-01,PRJ-0254,CON-066,Delivery,15.9,Billable,Yes
TMS-003162,2023-02-01,PRJ-0254,CON-071,Analysis,24.5,Billable,Yes
TMS-003163,2023-02-01,PRJ-0254,CON-071,Analysis,64.4,Billable,Yes
TMS-003164,2023-02-01,PRJ-0255,CON-057,Delivery,197.8,Billable,Yes
TMS-003165,2023-02-01,PRJ-0255,CON-065,Delivery,43.4,Billable,Yes
TMS-003166,2023-03-01,PRJ-0255,CON-021,Delivery,163.7,Billable,Yes
TMS-003167,2023-05-01,PRJ-0255,CON-021,Analysis,146.6,Billable,Yes
TMS-003168,2023-06-01,PRJ-0255,CON-065,Delivery,75.3,Billable,Yes
TMS-003169,2023-04-01,PRJ-0255,CON-021,Analysis,134.4,Billable,Yes
TMS-003170,2023-03-01,PRJ-0255,CON-065,Client Workshop,161.8,Billable,No
TMS-003171,2023-04-01,PRJ-0255,CON-065,Delivery,174.7,,Yes
TMS-003172,2023-04-01,PRJ-0255,CON-065,Delivery,49.6,Billable,Yes
TMS-003173,2023-02-01,PRJ-0255,CON-057,QA Review,137.5,Billable,Yes
TMS-003174,2023-05-01,PRJ-0255,CON-057,Analysis,35.3,Billable,No
TMS-003175,2023-04-01,PRJ-0255,CON-057,Admin,84.4,Non-Billable,Yes
TMS-003176,2023-02-01,PRJ-0255,CON-057,QA Review,26.7,Billable,Yes
TMS-003177,2023-03-01,PRJ-0255,CON-065,Delivery,62.2,Billable,Yes
TMS-003178,2023-02-01,PRJ-0255,CON-057,QA Review,175.1,Billable,Yes
TMS-003179,2023-06-01,prj-0255 ,CON-057,Delivery,138.6,Billable,Yes
TMS-003180,2023-03-01,PRJ-0255,CON-021,Client Workshop,17.6,Billable,Yes
TMS-003181,2023-06-01,PRJ-0255,CON-057,Analysis,121.3,Billable,No
TMS-003182,2023-06-01,PRJ-0255,CON-065,Delivery,20.6,Billable,Yes
TMS-003183,2023-02-01,PRJ-0255,CON-057,Internal Training,168.6,Non-Billable,Yes
TMS-003184,2023-03-01,PRJ-0255,CON-021,Client Workshop,73.4,Billable,Yes
TMS-003185,2023-06-01,PRJ-0255,CON-021,Sales Support,182.1,Non-Billable,Yes
TMS-003186,2023-06-01,PRJ-0255,CON-065,Sales Support,76.3,Non-Billable,Yes
TMS-003187,2023-03-01,PRJ-0255,CON-057,Client Workshop,137.6,Billable,Yes
TMS-003188,2023-05-01,PRJ-0255,CON-021,Delivery,30.3,Billable,Yes
TMS-003189,2023-03-01,PRJ-0255,CON-057,Client Workshop,81.2,Billable,Yes
TMS-003190,2023-05-01,PRJ-0255,CON-065,Delivery,42.5,Billable,Yes
TMS-003191,2023-04-01,PRJ-0255,CON-057,Sales Support,39.9,Non-Billable,Yes
TMS-003192,2023-03-01,PRJ-0255,CON-057,Delivery,49.7,Billable,Yes
TMS-003193,2023-05-01,PRJ-0255,CON-021,QA Review,135.8,Billable,Yes
TMS-003194,2023-06-01,PRJ-0255,CON-057,Delivery,162.2,,Yes
TMS-003195,2025-07-01,PRJ-0256,CON-047,Analysis,184.4,Billable,No
TMS-003196,2025-07-01,PRJ-0256,CON-057,Delivery,124,Billable,Yes
TMS-003197,2025-06-01,PRJ-0256,CON-047,Delivery,27.3,Billable,Yes
TMS-003198,2025-06-01,PRJ-0256,CON-047,Client Workshop,119.3,Billable,Yes
TMS-003199,2025-06-01,PRJ-0256,CON-047,Delivery,170.1,Billable,Yes
TMS-003200,2025-06-01,PRJ-0256,CON-047,Internal Training,39.9,Non-Billable,Yes
TMS-003201,2024-07-01,PRJ-0257,CON-037,QA Review,118,Billable,Yes
TMS-003202,2024-06-01,PRJ-0257,CON-071,Analysis,41.9,Billable,Yes
TMS-003203,2024-09-01,PRJ-0257,CON-071,Delivery,194.9,Billable,Yes
TMS-003204,2024-03-01,PRJ-0257,CON-037,Delivery,30.8,Billable,Yes
TMS-003205,2024-07-01,PRJ-0257,CON-071,Delivery,195.9,Billable,Yes
TMS-003206,2024-07-01,PRJ-0257,CON-037,Analysis,173.4,Billable,Yes
TMS-003207,2024-07-01,PRJ-0257,CON-071,Delivery,100.9,Billable,Yes
TMS-003208,2024-08-01,PRJ-0257,CON-071,Admin,15,Non-Billable,Yes
TMS-003209,2024-07-01,PRJ-0257,CON-071,Analysis,100.5,,Yes
TMS-003210,2024-06-01,PRJ-0257,CON-037,QA Review,17.9,Billable,Yes
TMS-003211,2024-04-01,PRJ-0257,CON-037,Analysis,177.6,Billable,Yes
TMS-003212,2024-04-01,PRJ-0257,CON-037,Delivery,109.3,Billable,Yes
TMS-003213,2024-06-01,PRJ-0257,CON-078,Admin,103.8,Non-Billable,Yes
TMS-003214,2024-07-01,PRJ-0257,CON-071,Delivery,162,Billable,Yes
TMS-003215,2024-09-01,PRJ-0257,CON-078,Admin,79.2,Non-Billable,Yes
TMS-003216,2024-05-01,PRJ-0257,CON-037,Delivery,77.8,Billable,Yes
TMS-003217,2024-10-01,PRJ-0257,CON-037,Client Workshop,115,Billable,Yes
TMS-003218,2024-08-01,PRJ-0257,CON-071,Analysis,22.8,Billable,Yes
TMS-003219,2024-06-01,PRJ-0257,CON-078,Client Workshop,121.5,Billable,Yes
TMS-003220,2024-05-01,PRJ-0257,CON-078,Analysis,114.2,Billable,Yes
TMS-003221,2024-08-01,PRJ-0257,CON-071,Delivery,98.1,Billable,Yes
TMS-003222,2024-09-01,PRJ-0257,CON-078,Client Workshop,13.9,,Yes
TMS-003223,2024-06-01,PRJ-0257,CON-037,Delivery,153.1,Billable,Yes
TMS-003224,2024-09-01,PRJ-0257,CON-037,Delivery,2,Billable,Yes
TMS-003225,2024-03-01,PRJ-0257,CON-078,Delivery,2,Billable,Yes
TMS-003226,2024-05-01,PRJ-0257,CON-071,QA Review,2,Billable,Yes
TMS-003227,2025-03-01,PRJ-0258,CON-026,Delivery,36,Billable,Yes
TMS-003228,2025-04-01,PRJ-0258,CON-078,Analysis,190.2,Billable,Yes
TMS-003229,2025-03-01,PRJ-0258,CON-026,Delivery,81.8,Billable,No
TMS-003230,2025-02-01,PRJ-0258,CON-026,QA Review,125.3,Billable,Yes
TMS-003231,2025-04-01,PRJ-0258,CON-026,Delivery,114.5,Billable,Yes
TMS-003232,2025-03-01,PRJ-0258,CON-078,QA Review,97,Billable,Yes
TMS-003233,2025-02-01,PRJ-0258,CON-026,Analysis,45.6,Billable,Yes
TMS-003234,2025-04-01,PRJ-0258,CON-026,Client Workshop,139.8,Billable,Yes
TMS-003235,2025-04-01,PRJ-0258,CON-078,Delivery,15.5,Billable,Yes
TMS-003236,2025-04-01,PRJ-0258,CON-026,Delivery,81.9,Billable,Yes
TMS-003237,2025-03-01,PRJ-0258,CON-078,Admin,131.2,Non-Billable,Yes
TMS-003238,2025-03-01,PRJ-0258,CON-078,Client Workshop,92.2,Billable,Yes
TMS-003239,2025-04-01, PRJ-0258 ,CON-026,QA Review,47.1,Billable,Yes
TMS-003240,2025-03-01,PRJ-0258,CON-078,Delivery,149.1,Billable,Yes
TMS-003241,2025-03-01,PRJ-0258,CON-026,Client Workshop,182.3,Billable,Yes
TMS-003242,2025-04-01,PRJ-0258,CON-078,Client Workshop,27.4,Billable,Yes
TMS-003243,2025-03-01,PRJ-0258,CON-078,Client Workshop,77.4,Billable,No
TMS-003244,2025-04-01,PRJ-0258,CON-078,Delivery,25,Billable,Yes
TMS-003245,2025-03-01,PRJ-0258,CON-078,Sales Support,33.2,Non-Billable,Yes
TMS-003246,2025-03-01,PRJ-0258,CON-078,Sales Support,189.1,Non-Billable,Yes
TMS-003247,2025-03-01,PRJ-0258,CON-026,Client Workshop,71.7,Billable,Yes
TMS-003248,2025-03-01,PRJ-0258,CON-026,Admin,44.6,Non-Billable,Yes
TMS-003249,2025-04-01,PRJ-0258,CON-078,Analysis,49.6,Billable,Yes
TMS-003250,2025-06-01,PRJ-0259,CON-030,Delivery,70.6,Billable,Yes
TMS-003251,2025-06-01,PRJ-0259,CON-059,Analysis,145.1,Billable,Yes
TMS-003252,2025-04-01,PRJ-0259,CON-059,Analysis,10.9,Billable,Yes
TMS-003253,2025-04-01,PRJ-0259,CON-059,Admin,156,Non-Billable,Yes
TMS-003254,2025-05-01,PRJ-0259,CON-030,Delivery,32.7,Billable,Yes
TMS-003255,2025-04-01,PRJ-0259,CON-030,Analysis,173.1,Billable,Yes
TMS-003256,2025-08-01, PRJ-0259,CON-059,Delivery,42.5,Billable,Yes
TMS-003257,2025-04-01,PRJ-0259,CON-030,Delivery,84,Billable,Yes
TMS-003258,2025-06-01,PRJ-0259,CON-059,Delivery,159.1,Billable,Yes
TMS-003259,2025-05-01,PRJ-0259,CON-059,QA Review,26.8,Billable,Yes
TMS-003260,2025-03-01,PRJ-0259,CON-030,Client Workshop,8.4,Billable,No
TMS-003261,2025-09-01,PRJ-0260,CON-060,Analysis,46.7,Billable,Yes
TMS-003262,2025-09-01,PRJ-0260,CON-059,QA Review,115,Billable,Yes
TMS-003263,2025-07-01,PRJ-0260,CON-067,Delivery,30.2,Billable,Yes
TMS-003264,2025-08-01,PRJ-0260,CON-067,Client Workshop,50.3,Billable,Yes
TMS-003265,2025-08-01,PRJ-0260,CON-067,Client Workshop,23,Billable,Yes
TMS-003266,2025-09-01,PRJ-0260,CON-059,Analysis,164.5,Billable,Yes
TMS-003267,2025-08-01,PRJ-0260,CON-060,Delivery,64.2,,Yes
TMS-003268,2025-09-01,PRJ-0260,CON-067,Delivery,191.5,Billable,Yes
TMS-003269,2025-07-01,PRJ-0260,CON-060,Analysis,161.6,Billable,Yes
TMS-003270,2025-08-01,PRJ-0260,CON-060,Analysis,91.4,Billable,Yes
TMS-003271,2025-09-01,PRJ-0260,CON-067,Delivery,92.3,Billable,Yes
TMS-003272,2025-08-01,PRJ-0260,CON-067,Delivery,189.1,Billable,Yes
TMS-003273,2025-09-01,PRJ-0260,CON-060,QA Review,144.8,Billable,Yes
TMS-003274,2025-08-01,PRJ-0260,CON-060,Delivery,50.3,Billable,Yes
TMS-003275,2025-08-01,PRJ-0260,CON-059,Delivery,61.9,Billable,Yes
TMS-003276,2025-08-01,PRJ-0260,CON-067,Analysis,60.7,Billable,Yes
TMS-003277,2025-08-01,PRJ-0260,CON-059,Client Workshop,119.4,Billable,Yes
TMS-003278,2025-09-01,PRJ-0260,CON-067,Analysis,82.4,Billable,Yes
TMS-003279,2025-07-01, PRJ-0260 ,CON-060,Client Workshop,22,Billable,Yes
TMS-003280,2025-09-01,PRJ-0260,CON-060,Delivery,53.5,Billable,Yes
TMS-003281,2025-09-01,PRJ-0260,CON-059,Analysis,171.8,Billable,Yes
TMS-003282,2025-09-01,PRJ-0260,CON-059,Delivery,103.8,Billable,Yes
TMS-003283,2025-08-01,PRJ-0260,CON-060,Delivery,148.5,Billable,Yes
TMS-003284,2025-09-01,PRJ-0260,CON-059,Analysis,52.6,Billable,Yes
TMS-003285,2025-08-01,PRJ-0260,CON-059,Delivery,182.9,Billable,Yes
TMS-003286,2025-08-01,PRJ-0260,CON-067,Analysis,36.8,Billable,Yes
TMS-003287,2025-07-01,PRJ-0260,CON-059,Sales Support,26.1,Non-Billable,Yes
TMS-003288,2025-07-01,PRJ-0260,CON-059,Sales Support,22,Non-Billable,Yes
TMS-003289,2025-08-01,PRJ-0260,CON-060,Client Workshop,16.7,Billable,Yes
TMS-003290,2025-08-01,PRJ-0260,CON-059,QA Review,2,Billable,Yes
TMS-003291,2025-09-01,PRJ-0260,CON-067,Sales Support,2,Non-Billable,Yes
TMS-003292,2025-07-01,PRJ-0260,CON-060,Analysis,2,Billable,Yes
TMS-000128,2023-12-01,PRJ-0010,CON-035,Delivery,196.7,Billable,Yes
TMS-002342,2023-09-01,PRJ-0193,CON-045,Analysis,175.9,Billable,Yes
TMS-002021,2023-05-01,PRJ-0169,CON-020,Delivery,63.4,Billable,Yes
TMS-001794,2024-08-01,PRJ-0150,CON-003,Delivery,11.9,Billable,Yes
TMS-002306,2023-02-01,PRJ-0189,CON-035,Analysis,57.7,Billable,Yes
TMS-001650,2023-12-01,PRJ-0139,CON-069,Delivery,101.8,Billable,Yes
TMS-002307,2023-02-01,PRJ-0189,CON-038,Delivery,90.4,Billable,Yes
TMS-002285,2025-02-01,PRJ-0187,CON-076,Client Workshop,13.7,Billable,Yes
TMS-003261,2025-09-01,PRJ-0260,CON-060,Analysis,46.7,Billable,Yes
TMS-001580,2025-05-01,PRJ-0133,CON-042,Delivery,38.6,Billable,Yes
TMS-001515,2025-12-01,PRJ-0124,CON-028,Delivery,147.5,Billable,Yes
TMS-002668,2024-05-01,PRJ-0218,CON-033,Delivery,153.2,Billable,Yes
TMS-000174,2024-11-01,prj-0015 ,CON-007,Delivery,153.5,Billable,Yes
TMS-002954,2025-02-01,PRJ-0238,CON-056,Sales Support,193.3,Non-Billable,Yes
TMS-003241,2025-03-01,PRJ-0258,CON-026,Client Workshop,182.3,Billable,Yes
TMS-002691,2024-01-01,PRJ-0220,CON-060,Client Workshop,114.8,Billable,Yes
TMS-000104,2025-05-01,PRJ-0009,CON-065,Delivery,154.9,Billable,Yes
TMS-000460,2023-05-01,PRJ-0036,CON-047,Analysis,42.7,Billable,Yes
TMS-000476,2023-01-01,PRJ-0037,CON-054,Delivery,68.6,Billable,Yes
TMS-000063,2024-12-01,PRJ-0006,CON-053,Delivery,108.4,Billable,Yes
TMS-000273,2023-11-01,PRJ-0021,con-058,Analysis,172.2,Billable,Yes
TMS-002084,2023-05-01,PRJ-0173,CON-056,Delivery,47.5,Billable,Yes
TMS-000869,2025-06-01,PRJ-0069,CON-032,Delivery,32.1,Billable,Yes
TMS-003126,2024-03-01,PRJ-0252,CON-074,QA Review,85.2,Billable,Yes
TMS-001932,2024-06-01,PRJ-0161,CON-033,Delivery,32.2,Billable,Yes
TMS-000887,2024-09-01,PRJ-0070,CON-038,Delivery,85.3,Billable,Yes
TMS-001146,2024-04-01,PRJ-0088,CON-078,Sales Support,79.5,Non-Billable,Yes
TMS-003063,2023-07-01,PRJ-0247,CON-006,Delivery,51.6,Billable,Yes
